id,Year,Title,Abstract,URL,JournalFN
1,2024,Digital Approaches to Societal Grand Challenges: Toward a Broader Research Agenda on Managing Global-Local Design Tensions,"Information systems (IS) scholars have pursued phenomenon-specific research to meaningfully engage with and contribute to addressing societal grand challenges (GCs). Although such efforts are invaluable, a broader framework that identifies generalized organizing problems in tackling GCs and reveals promising pathways for digital technologies to add value in addressing them could help establish an agenda for impactful IS research. In this article, we offer such a framework by drawing on Ostrom’s principles of public value creation and management research on organizational design. We identify a set of eight organizing design tensions that arise from employing global and local perspectives in addressing GCs. We consider digital approaches to resolving each of these design tensions and delineate a rich and diverse agenda for future research. We acknowledge prevailing socio-political structures and factors that may constrain the effectiveness of digital solutions and adopt a socio-technical design perspective to suggest alternative arrangements of digital and socio-political elements in GC settings. Our discussion foreshadows the considerable opportunity for IS research to contribute to the broader dialog on GCs by integrating existing IS theoretical perspectives and concepts with complementary theories from management and beyond. Our framework also informs and enriches GC phenomenon-specific IS research by helping to generalize the research questions and allowing for cross-phenomenon mapping of critical study insights. More broadly, the pursuit of the research agenda proposed here, along with entering a broader GC conversation with other disciplines and stakeholders, may speed the identification and enactment of effective solutions to grand challenges.",https://pubsonline.informs.org/doi/abs/10.1287/isre.2023.0152,Information Systems Research
2,2024,Mr. Right or Mr. Best: The Role of Information Under Preference Mismatch in Online Dating,"This paper examines the role of information in two-sided matching markets where preference mismatch is present. Two-sided markets are characterized by different preferences of the parties involved, and a match occurs when both sides show a preference for each other. In practice, however, there is often a preference mismatch. In this study, we use a large data set from an online dating website to provide empirical evidence for preference mismatch in the field. We also develop empirical models to investigate the impact of information under preference mismatch by analyzing variations in the amount of available information. Specifically, we compare partial and complete information contained in the users’ short and long profiles, respectively. We find that more information about the other side does not necessarily improve the likelihood of a match. In fact, the side making the proposal has a better chance of matching if the decision is based on the information contained in the short profile rather than the long profile. This suggests that users are better off seeing partial rather than complete information about the candidates, a phenomenon we refer to as the “less information is more” effect. Our empirical analysis shows that this effect is driven by the mismatched preferences of the two sides. These results imply that there is an optimal amount of information that one side should possess about the other before making a proposal. Our study highlights the importance of optimal information design strategies to determine the appropriate amount of information that should be provided to each side. Our findings also offer managerial implications regarding information provision strategies for online platforms in general.",https://pubsonline.informs.org/doi/abs/10.1287/isre.2022.0233,Information Systems Research
3,2024,How Information Technology Overcomes Deficiencies for Innovation in Small and Medium-Sized Enterprises: Closed Innovation vs. Open Innovation,"Innovation is vital for the growth of small and medium-sized enterprises (SMEs). However, SMEs face deficiencies that hinder their innovation output. This study examines how information technology (IT) helps SMEs address two salient deficiencies: technological deficiency (deficiency in internal technical knowledge and skills) and government support deficiency (deficiency in favorable government policies and incentives). Although IT can be used in a closed manner (within the firm’s boundary) or open manner (beyond the firm’s boundary) to enable innovation, closed and open approaches to IT-enabled innovation pose advantages and challenges for SMEs, resulting in a tension regarding which approach better addresses these two deficiencies. In this study, we investigate how IT Use for Closed Innovation Activities (ITC) and IT Use for Open Innovation Activities (ITO) help SMEs overcome these two deficiencies to achieve innovation output. Drawing on the theoretical concepts of internal and external absorptive capacity metaroutines, we hypothesize that ITC and ITO reduce the harmful effects of technological deficiency and government support deficiency on innovation output. Further, we hypothesize that ITC is more effective than ITO in reducing the harmful effect of technological deficiency on innovation output. In contrast, we hypothesize that ITO is more effective than ITC in reducing the harmful effect of government support deficiency on innovation output. Our empirical analysis of a unique multiyear archival data set of 319 manufacturing SMEs in Mexico broadly supports our hypotheses. We conduct a further exploratory analysis that sheds light on several underlying mechanisms included in our theorization. Our main contributions lie in addressing the tension between ITC and ITO and highlighting that neither approach to IT-enabled innovation outperforms the other in combating the technological deficiency and government support deficiency of SMEs; rather, SMEs achieve greater innovation output by appropriately orienting their IT-enabled innovation efforts in a closed or open manner to address specific deficiencies.",https://pubsonline.informs.org/doi/abs/10.1287/isre.2021.0096,Information Systems Research
4,2024,Strategic Expectation Setting of Delivery Time on Marketplaces,"Delivery speed is an essential component of the service provided by online delivery platforms. Because improving actual delivery speed is expensive, platforms can instead create a perception of faster delivery by showing a conservative estimate of the delivery duration when a customer places an order. We use detailed transaction-level data from a major food delivery platform to examine the effects of setting conservative delivery speed expectations on customers’ likelihood of future purchases and restaurant choices. When delivery is slower (faster) than expected, we find that customers are less (more) likely to purchase again from the platform and the focal (same) restaurant they ordered from. A reduction in purchases from the platform is expected to reduce purchases from nonfocal (other) restaurants as well; however, we find no significant impact. This is possibly because of a spillover effect, as customers may switch their purchasing to these restaurants. Our findings thus highlight the effect of setting conservative expected delivery times in a platform setting. Additionally, we provide evidence that customers with a consistent past delivery experience are less responsive to a single instance of positive or negative delivery performance. We further find heterogeneous effects of slower/faster than expected delivery on new versus existing customers and orders with zero versus nonzero delivery charges. These results suggest that the strategy to set conservative expected delivery times can be judiciously implemented for consumer segments for whom future demand is more likely to improve with a better delivery experience. Finally, we examine the trade-off between current and future demand with the setting of a conservative estimated delivery time. We do additional analysis and also conduct an experiment on Amazon Mechanical Turk to show that the gain in future demand is more than the loss in current demand, thus establishing the efficacy of our suggested strategy.",https://pubsonline.informs.org/doi/abs/10.1287/isre.2021.0497,Information Systems Research
5,2024,User-Generated Content Shapes Judicial Reasoning: Evidence from a Randomized Control Trial on Wikipedia,"Legal professionals have access to many different sources of knowledge, including user-generated Wikipedia articles that summarize previous judicial decisions (i.e., precedents). Although these Wikipedia articles are easily accessible, they have unknown provenance and reliability, and therefore using them in professional settings is problematic. Nevertheless, Wikipedia articles influence legal judgments, as we show using a first-of-its-kind randomized control trial on judicial decision making. We find that the presence of a Wikipedia article about Irish Supreme Court decisions makes it meaningfully more likely that the corresponding case will be cited as a precedent by judges in subsequent decisions. The language used in the Wikipedia article also influences the language used in judgments. These effects are only present for citations by the High Court and not for the higher levels of the judiciary (Court of Appeal and Supreme Court). The High Court faces larger caseloads, so this may indicate that settings with greater time pressures encourage greater reliance on Wikipedia. Our results add to the growing recognition that Wikipedia and other frequently accessed sources of user-generated content have profound effects on important social outcomes and that these effects extend farther than previously seen—into high-stakes settings where norms are supposed to restrict their use.",https://pubsonline.informs.org/doi/abs/10.1287/isre.2023.0034,Information Systems Research
6,2024,Operation Dumbo Drop: To Airdrop or Not to Airdrop for Initial Coin Offering Success?,"The rapid advancement and adoption of blockchain technology have heralded an explosive growth of Initial Coin Offerings (ICOs) as a new and popular fundraising approach for blockchain start-ups. To motivate blockchain individuals to invest in the subsequent ICO, a growing number of blockchain-based project founders employ the airdrop campaign, through which they distribute a specific amount of free official tokens or promotional tokens to potential investors on the blockchain with or without their permission. Of paramount concern to the founders contemplating whether to launch an airdrop campaign are whether the airdrop campaign has a positive effect on the potential investors’ investment behaviors in their ICOs and how the efficacy of the airdrop may vary with investors. To address these critical questions, we implement a regression discontinuity design by leveraging the quasi-randomization of a blockchain project’s promotional airdrop campaign on the Ethereum platform. We find that the promotional airdrop leads to a 2.3 times increase in the potential investors’ ICO investment probability, as well as a significant and positive effect on their investment amount. We further find that the airdrop is more effective in increasing the investment for individuals with transacted projects dissimilar to the focal project than those with similar ones, which supports the diversification perspective in investment. We also find that the airdrop can motivate token receivers to stick with the focal project for a longer period. We show the generalizability of our findings by leveraging the randomized token airdrop strategies of multiple ICO projects. Our study contributes to the literature on ICOs and marketing strategy for financial instruments and provides important implications to blockchain start-ups on whether and how to launch an airdrop campaign.",https://pubsonline.informs.org/doi/abs/10.1287/isre.2021.0450,Information Systems Research
7,2024,The Impact of Process- vs. Outcome-Oriented Reviews on the Sales of Healthcare Services,"The consumption of services inherently requires a process to achieve the desired outcome. For nonexperiential services (e.g., healthcare and education) primarily valued for their end outcomes, their consumption typically involves lengthy processes that are not designed for enjoyment (e.g., wound care and lecture attendance). Consequently, there exists a prominent tension between the processes (means) and outcomes (ends) of these services, which is largely ignored in the prior literature on user-generated content (UGC) that predominantly focuses on products (e.g., books and electronics) or experiential services (e.g., dining and lodging). To bridge this gap, we investigate the distinct roles of process- and outcome-oriented reviews in influencing consumers’ decisions to pursue healthcare services, leveraging a comprehensive data set collected from an online platform for cosmetic procedures. By separating process- and outcome-oriented reviews through visual content analysis, we show that the effect of outcome-oriented reviews in boosting the sales of healthcare services is almost twice stronger than that of process-oriented reviews on average. However, the relative effectiveness of these two types of reviews varies substantially across different types of healthcare services. Specifically, we find that process-oriented reviews are more influential in affecting consumers’ purchases of services with higher complexity, in contrast to outcome-oriented reviews that are more impactful for services with lower complexity. Moreover, the impact of process-oriented reviews is stronger for less popular services, whereas the impact of outcome-oriented reviews is stronger for more popular services. These nuanced findings show that consumers resort to different types of UGC while considering different types of healthcare services. Our work has important implications both theoretically and practically.",https://pubsonline.informs.org/doi/abs/10.1287/isre.2019.0168,Information Systems Research
8,2024,Background Music Recommendation on Short Video Sharing Platforms,"On short video sharing platforms, users often choose background music for their videos. In this paper, we study the problem of background music recommendation for short videos on short video sharing platforms. In our recommendation setting, the item (music) is not recommended directly to the user, but to the video created by the user. When making music recommendations for videos, we consider three important players: users, videos, and music. We define a unique background music recommendation problem and design a novel background music recommendation model to address the problem. We propose a model based on the deep learning framework to effectively address the distinctive three-way relationships among users, videos, and music. Our model considers not only the conventional user–music alignment, but also the alignment between videos and music. To evaluate our model, we conduct comprehensive experiments on real-world data collected from one of the most popular short video sharing platforms. Our proposed model significantly outperforms other existing models in recommendation performance. The superiority of our proposed model remains consistent across various scenarios, including cold-start recommendations, data sets with varying density levels, and data sets spanning diverse video categories.",https://pubsonline.informs.org/doi/abs/10.1287/isre.2022.0093,Information Systems Research
9,2024,A Smart Ad Display System,"This paper proposes a smart ad display system to provide personalized delivery of video ads. The proposed system records consumers’ facial expression and eye gaze stream data as they watch an ad and analyzes data at the frame level. The recognized facial expression and detected eye gaze are matched to the corresponding frame of the video ad, thereby linking facial expressions to specific visual objects appearing in the ad. By tracking a consumer’s facial expressions in response to various visual objects in real time, the system learns the consumer’s individual preferences toward different ads, searches the ad pool, and selects and subsequently displays a new ad that is most likely to elicit positive attitudinal and behavioral responses. We demonstrate the feasibility and effectiveness of the proposed system with two empirical studies. The results show that by tracking a consumer’s facial responses to only one ad or even part of an ad, our proposed system is able to make reasonably accurate inferences about a consumer’s ad preferences, with or without using information about other consumers. These inferences are used to make personalized recommendations that help enhance consumers’ ad viewing experiences and elicit favorable responses.",https://pubsonline.informs.org/doi/abs/10.1287/isre.2020.0128,Information Systems Research
10,2024,Encouraging Eco-driving with Post-trip Visualized Storytelling: An Experiment Combining Eye-Tracking and a Driving Simulator,"Visualized narratives have been broadly employed to help individuals understand complex environmental issues, increase green awareness, and encourage sustainable behaviors. However, sustainability awareness only sometimes translates to actual green practices. In this study, we develop and test a model that explains how eco-driving behaviors and attitudes toward efficient driving can be promoted with post-trip visualized narratives. Drawing on human-computer interaction research, we integrate the mental construal literature to reveal feasibility and desirability perceptions as underlying mechanisms. We test our hypotheses in two experiments involving eye-tracking and driving simulation. Results show that pairwise animated illustration and prospective narratives elevated eco-driving behaviors and attitudes toward efficient driving. In the meantime, static illustration and retrospective narratives influenced attitudes toward efficient driving. In addition, feasibility and desirability perceptions were significant mediators. Overall, this study contributes to information systems literature, human-computer interaction literature, and the construal level theory by unraveling the effects of post-trip visualized narratives on promoting ecological practices and attitudes.",https://pubsonline.informs.org/doi/abs/10.1287/isre.2022.0332,Information Systems Research
11,2024,Noisebnb: An Empirical Analysis of Home-Sharing Platforms and Residential Noise Complaints,"Societal externalities stemming from digital multisided platforms on nonparticipants have received increasing attention from scholars in recent years. In this paper, we investigate one such spillover, how the emergence of home-sharing platforms (viz., Airbnb) affects noise complaints in densely populated urban areas. Urban noise is a stalwart social problem in urban living, and anecdotal evidence has suggested that the entry of home-sharing platforms has significantly exacerbated urban noise. We empirically examine the relationship between the entry of Airbnb and noise complaints in New York City (NYC). Leveraging the phased expansion of Airbnb into different locations at different times and a difference-in-differences approach, we find that the arrival of Airbnb is associated with a significant decrease in the rate at which city residents file residential noise complaints. Furthermore, we find that the decrease in noise complaints is intensified (i) in locations where more tourist attractions exist and (ii) when occupancy rates of rentals are lower. This suggests that the effect is driven by limited physical occupancy, via either tourist stays or unmet capacity. Our work contributes to broader scholarship by addressing the myth and merit of Airbnb disturbance and informing regulators who are considering the cumulative impact of home-sharing platforms on quality of life in urban areas.",https://pubsonline.informs.org/doi/abs/10.1287/isre.2022.0070,Information Systems Research
12,2024,Content Length Limit: How Does It Matter for a Consumer-to-Consumer Media Platform?,"Our study is inspired by the rapid growth of consumer-to-consumer (C2C) media platforms such as TikTok. We adopt a classical economical approach to modeling how utility-maximizing consumers select content pieces to view on a C2C media platform through a sequential inspection process and investigate how a platform in pursuit of market performance can devise an optimal policy on content length limit to induce desired viewer behaviors. First, we show that when content on the platform are longer, viewers set a higher standard of match value in selecting content to view, leading to a lower click-through rate of contributed content on the platform. This finding suggests that a tight limit on content length increases click-through rate. Second, we show that extended content length on the platform first enhances platform performance but then hurts its performance, following an inverted U-shape curve. This pattern holds true for short-term performance measured by viewer traffic and total viewing time, as well as for long-term performance measured by total consumer surplus. This finding suggests the existence of an optimal content length. Third, we find that the optimal content length that maximizes viewer traffic is smaller than that maximizes total viewing time, which is further smaller than that maximizes consumer surplus. As such, a platform that switches the strategic focus from short-term advertising revenue to long-term growth will benefit from extending content length limit.",https://pubsonline.informs.org/doi/abs/10.1287/isre.2022.0595,Information Systems Research
13,2024,Calibration of Heterogeneous Treatment Effects in Randomized Experiments,"Machine learning is commonly used to estimate the heterogeneous treatment effects (HTEs) in randomized experiments. Using large-scale randomized experiments on the Facebook and Criteo platforms, we observe substantial discrepancies between machine learning-based treatment effect estimates and difference-in-means estimates directly from the randomized experiment. This paper provides a two-step framework for practitioners and researchers to diagnose and rectify this discrepancy. We first introduce a diagnostic tool to assess whether bias exists in the model-based estimates from machine learning. If bias exists, we then offer a model-agnostic method to calibrate any HTE estimates to known, unbiased, subgroup difference-in-means estimates, ensuring that the sign and magnitude of the subgroup estimates approximate the model-free benchmarks. This calibration method requires no additional data and can be scaled for large data sets. To highlight potential sources of bias, we theoretically show that this bias can result from regularization and further use synthetic simulation to show biases result from misspecification and high-dimensional features. We demonstrate the efficacy of our calibration method using extensive synthetic simulations and two real-world randomized experiments. We further demonstrate the practical value of this calibration in three typical policy-making settings: a prescriptive, budget-constrained optimization framework; a setting seeking to maximize multiple performance indicators; and a multitreatment uplift modeling setting.",https://pubsonline.informs.org/doi/abs/10.1287/isre.2021.0343,Information Systems Research
14,2024,Exploring Contrasting Effects of Trust in Organizational Security Practices and Protective Structures on Employees Security-Related Precaution Taking,"Employees’ precautionary security behaviors are vital to the effective protection of organizations from cybersecurity threats. Despite substantial security training efforts, employees frequently do not take security precautions. This study draws from trust theory and mindfulness theory to investigate how the bright- and dark-side effects of two conceptualizations of trust in organizational information security impact employees’ precaution taking. Insights drawn from a survey of 380 organizational employees suggest that employees who trust their organization’s security practices are more committed and less complacent in protecting their organization and more likely to take security precautions. In contrast, we find evidence of the dark-side effect of employees’ trust in organizational protective structures by showing that such trust can lead to complacency regarding security. Analyses indicate that security mindfulness mediates the influence of security complacency and security commitment on precaution taking. These results highlight the crucial roles of security commitment, security complacency, and security mindfulness in shaping employees’ precaution taking. This study contributes to information security research by providing empirical evidence concerning the simultaneous bright- and dark-side effects of employees’ trust in organizational information security, thereby creating valuable opportunities for researchers to theorize about the ways in which trusting beliefs shape employees’ security behaviors.",https://pubsonline.informs.org/doi/abs/10.1287/isre.2021.0528,Information Systems Research
15,2024,Integrated Decision Support for Disaster Risk Management: Aiding Preparedness and Response Decisions in Wildfire Management,"A central challenge in disaster risk management (DRM) is that there are key dependencies and uncertainty between the decisions made at the mitigation, preparedness, response, and recovery stages. Evaluating the impact of strategic decisions on the decisions and outcomes of subsequent stages is paramount to determine informed risk management policies (e.g., estimating the risk reduction that may be achieved by a mitigation strategy relative to its cost). Performing such analyses is difficult, not only because of the uncertainty inherent to disastrous events but because it implies integrating the logic and data of different processes that occur at each stage. Comprehensive decision support systems for disaster management and thus require information systems that allow timely and reliable integration of data sources from different domains, including information on hazards and vulnerabilities for risk analysis and organizational and logistical information for decision analysis. We propose an analytics-centered framework that integrates predictive and prescriptive models responding to unique characteristics of DRM. The framework relies on probabilistic risk assessment and uses optimization-based simulation of the response phase as a means to inform decisions at the preparedness stage. This paper presents a case study regarding the analysis of preparedness and response decisions for wildfire control in Uruguay. Numerical results illustrate the insights that can be derived from the integration of data and models at multiple stages. Specifically, in the Uruguay case, slight reductions in the preparedness budget can lead to disproportionate losses during the response stage, whereas slight increases have little effect unless explicitly directed to control high-consequence scenarios. Motivated by a real-world problem, this case study emphasizes the challenges for integrated information systems that enable the potential of analytical decision support frameworks for DRM.",https://pubsonline.informs.org/doi/abs/10.1287/isre.2022.0118,Information Systems Research
16,2024,Preparedness and Response in the Century of Disasters: Overview of Information Systems Research Frontiers,"“The Century of Disasters” refers to the increased frequency, complexity, and magnitude of natural and man-made disasters witnessed in the 21st century: the impact of such disasters is exacerbated by infrastructure vulnerabilities, population growth/urbanization, and a challenging policy landscape. Technology-enabled disaster management (TDM) has an important role to play in the Century of Disasters. We highlight four important trends related to TDM, smart technologies and resilience, digital humanitarianism, integrated decision-support and agility, and artificial intelligence–enabled early warning systems, and how the confluence of these trends lead to four research frontiers for information systems researchers. We describe these frontiers, namely the technology-preparedness paradox, socio-technical crisis communication, predicting and prescribing under uncertainty, and fair pipelines, and discuss how the eight articles in the special section are helping us learn about these frontiers.",https://pubsonline.informs.org/doi/abs/10.1287/isre.2024.intro.v35.n2,Information Systems Research
17,2025,"Ruckus in the Rentals, Seeking New Arrangements: Remedying the Impact of Home-Sharing on Urban Noise","Drawing underutilized residential assets into the tourism economy, home-sharing platforms create tremendous economic value for their owners and users. They also, however, generate negative externalities. This study examines the impact of home-sharing property use on an externality that has been increasingly understood to have adverse consequences for human health and well-being—noise. Based on empirical analyses using a large sample of transactions from a popular platform, we show that property use increases noise, which adversely affects neighbors. More interestingly, we show that the increase in noise is mitigated when property use is spatially or temporally concentrated. Our analyses reveal that a high concentration of property use can enhance the effectiveness of deterrence created through enforcement action against noise complaints. We further conduct empirically informed simulation experiments and propose a nudging algorithm that helps platforms mitigate noise externalities while also fulfilling user preferences and maintaining revenue growth. Contributing to the burgeoning literature on platform externalities, our work highlights the need for further research on potential complementarities between platform and regulatory governance and provides platforms with an alternative approach to the reputationally expensive guest penalties for addressing noise externalities.",https://misq.umn.edu/ruckus-in-the-rentals-seeking-new-arrangements-remedying-the-impact-of-home-sharing-on-urban-noise.html,MIS Quarterly
18,2025,Human Capital Acquisition in Response to Data Breaches,"Given the rise in the frequency and cost of data security threats, it is critical to understand whether and how companies strategically adapt their operational workforce in response to data breaches. We study hiring in the aftermath of data breaches by combining information on data breach events with detailed firm-level job posting data. Using a staggered difference-in-differences approach, we show that breached firms significantly increase their demand for cybersecurity workers. Furthermore, firms’ responses to data breaches extend to promptly recruiting public relations personnel—an act aimed at managing trust and alleviating negative publicity—often ahead of cybersecurity hires. Following a breach, the likelihood of firms posting a cybersecurity job rises by approximately two percentage points, which translates to an average willingness to spend an additional $61,961 in annual wages on cybersecurity, public relations, and legal workers. While these hiring adjustments are small for affected firms, they represent a large potential impact of over $300 million on the overall economy. Our findings underscore the vital role of human capital investments in shaping firms’ cyber defenses and provide a valuable roadmap for managers and firms navigating cyberthreats in an increasingly digital age.",https://misq.umn.edu/human-capital-acquisition-in-response-to-data-breaches.html,MIS Quarterly
19,2025,Do Crowds Validate False Data? Systematic Distortion and Affective Polarization,"This research note examines how sociocognitive influences can systematically distort crowdsourced ground truth in event-centric data through subgroups. The “wisdom of the crowd” is based on the assumption that consensus drives accuracy. While existing research addresses the tendencies of the overall crowd, this research note shows that identifiable subgroups within the crowd can systematically influence crowdsource validation. We conducted an immersive experiment to investigate whether crowd consensus can be systematically distorted by subgroup-based sociocognitive influences, such as affective polarization. In the experiment, raters from a range of subgroups with varying levels of affective polarization were asked to view and validate crisis data from a violent public riot in the year 2020. Relying in part on double debiased machine learning techniques, we analyzed heterogeneous treatment effects across subgroups. The results show that affective polarization and more extreme raters, via the constructs of loyalty and betrayal, distort consensus-based ground truth in different ways. This research note demonstrates how subgroup-based sociocognitive influences can systematically distort the results of consensus-based crowdsourced validation. Additionally, it provides guidance for research and practice on how to account for identifiable subgroups in the crowd. These findings challenge key assumptions about the wisdom of crowds and the accuracy of crowdsourced ground truth in event-centric situations.",https://misq.umn.edu/do-crowds-validate-false-data-systematic-distortion-and-affective-polarization.html,MIS Quarterly
20,2025,Deliberative or Automatic: Disentangling the Dual Processes Behind the Persuasive Power of Online Word-of-Mouth,"As online reviews become increasingly indispensable for consumers, they have attracted significant attention from both practitioners and researchers. It is a common belief that the persuasive effect of online reviews involves a deliberative and conscious process. Drawing on dual-process theories and the persuasion literature, we challenge this conventional wisdom, distinguish Type 2 processing (which requires deliberation) and Type 1 processing (which occurs automatically), and disentangle their relative impacts. With a focus on review elaborateness and review exposure, we propose that the automatic process of review exposure may play a greater role than elaborateness in changing consumers’ attitudes and purchase intentions. In addition, in line with the negativity bias, we posit that the persuasive impact of review exposure (vs. elaborateness) is moderated by the valence of highly exposed reviews. The results of the two experiments provide consistent support for these predictions. Our findings complement and extend the emerging literature starting to explore the role of automatic Type 1 processing in consumers’ use of online reviews, reveal the primary driver of persuasion and its boundary condition in online word-of-mouth, and provide important implications for review platforms, product manufacturers, and retailers.",https://misq.umn.edu/deliberative-or-automatic-disentangling-the-dual-processes-behind-the-persuasive-power-of-online-word-of-mouth.html,MIS Quarterly
21,2025,When Algorithms Delegate to Humans: Exploring Human-Algorithm Interaction at Uber,"Algorithms are increasingly seen as capable of autonomously initiating and managing interactions with humans—for example, through delegating the rights and responsibilities for successful outcomes of shared tasks without human intervention. While research into such interactions primarily focuses on dyadic configurations, complex settings where multiple agents work together have become a nexus of more nuanced interactions that go beyond the dyad. This paper explores such interactions through the lens of delegation by investigating how many algorithms delegate to many humans in a multi-agent setting. Analyzing patent data and interviews with drivers and passengers, we unpack delegation in the context of the ride-hailing application Uber. We theorize distributed delegation as a construct capturing collective hybrid appraisal, collective hybrid distribution, and collective hybrid coordination, in which a collective of algorithms delegates by drawing on inputs from multiple human agents. Our findings highlight that distributed delegation is collective, hybrid, and relational by nature, and demonstrate the extent to which human inputs are necessary for collectives of algorithms to exercise the capacity to delegate. Distributed delegation as a continuum of algorithmic and human involvement poses a challenge for recent theories suggesting the unprecedented autonomy of algorithms from humans.",https://misq.umn.edu/when-algorithms-delegate-to-humans-exploring-human-algorithm-interaction-at-uber.html,MIS Quarterly
22,2025,"Disentangling the Customer-Level, Cross-Channel Effects of Large-Order-Advantaged Online Shipping Policies","A key challenge in e-commerce retail is identifying a shipping fee policy that will incentivize more online orders and sales. To achieve this, retailers occasionally alter their shipping policies. While information systems research has extensively examined e-commerce channel strategies and their interplay with offline channels, it has yet to explore the online and offline implications of changes in e-commerce shipping policies. Against this backdrop, we studied a shipping policy change designed to incentivize higher-dollar orders, specifically, a large multichannel retailer’s shift from a tiered online shipping policy to a flat-rate policy. Using rich customer-level panel data and a regression discontinuity in time approach, we demonstrate that a flat-fee online shipping policy, counterintuitively, shifts sales away from the online channel and toward the offline channel—generating 23% more offline sales across 21,028 customers in five states. Evidence from additional analyses corroborated an account based on two mechanisms: an online order aggregation effect, wherein flat-fee shipping encouraged shipping fee-sensitive shoppers to aggregate purchases into larger orders, and an offline store interpurchase effect, wherein order aggregation generated longer interpurchase periods, during which customers met their needs for smaller purchases by visiting offline stores. Thus, a flat-rate shipping policy can serve as an unexpected lever for driving multichannel behavior. These findings contribute to the e-commerce channel interplay literature within information systems research and have important implications for legacy retailers seeking to leverage their brick-and-mortar investments to fend off competition from online-native retailers such as Amazon.com.",https://misq.umn.edu/disentangling-the-customer-level-cross-channel-effects-of-large-order-advantaged-online-shipping-policies.html,MIS Quarterly
23,2025,Taming Complexity in the Cybersecurity of Multihospital Systems: The Role of Enterprise-Wide Data Analytics Platforms,"A widely accepted notion in cybersecurity practice and research posits that complexity is detrimental to cybersecurity. While this notion mainly focuses on IT, the prevalence of complexity extends beyond IT into organizational domains. Whether the assertion that complexity is detrimental to cybersecurity holds true when applied to organizational domains remains largely unexplored. Moreover, “complexity” and “complicatedness” are often used interchangeably to refer to a large number of interconnected components. We build on complexity science to distinguish the two terms: complexity arises from ad hoc, nonlinear interactions among interconnected components, whereas complicatedness arises from structured, linear interactions. The field lacks sufficient understanding of these distinctions and their implications for cybersecurity risks and mitigations. We theorize how an organization’s complicatedness and complexity in both IT and organizational domains influence cybersecurity breaches. Our context of empirical inquiry is multihospital systems (MHSs), a complex organizational form that uses IT in complex ways. Drawing on complexity science, we posit that complicatedness in medical services, health IT, and the governance arrangements of an MHS increases cybersecurity breaches. We also posit that using enterprise-wide data analytics platforms (EWDAPs) to structure and control ad hoc information sharing practices of the complicated units can reduce breaches despite adding more technology components and dependencies to enterprise IT. We tested these ideas in a sample of 445 MHSs in the U.S. spanning from 2009 to 2017. Complicatedness in medical services, health IT, and governance stands out as the primary contributor to cybersecurity breaches in MHSs. Ad hoc, nonlinear interactions contribute to complexity and exacerbate the cybersecurity breach effects of complicatedness. In contrast, structured interactions, exemplified by patient data sharing through an EWDAP, achieve simplification and mitigate the cybersecurity breaches associated with complicatedness.",https://misq.umn.edu/taming-complexity-in-cybersecurity-of-multihospital-systems-the-role-of-enterprise-wide-data-analytics-platforms.html,MIS Quarterly
24,2025,How Mergers and Acquisitions Increase Data Breaches: A Complexity Perspective,"This study examines how the mergers and acquisitions (M&As) of a firm influence its number of data breaches. Drawing from complexity theory and matching theory, we propose that M&As increase data breaches and this effect is contingent on M&A diversity (dissimilarity between the parent and target firms). Based on the 18-year panel data (2004-2021) of 5,072 public firms in the United States, we find that more M&As by a firm lead to more data breaches. Moreover, we reveal that the number of data breaches increases even more when the parent and target firms operate in different business domains. This finding is confirmed when we operationalize M&A diversity as size discrepancy or a strategic type difference between the parent firm and the target firm (vertical vs. horizontal M&A). Furthermore, based on routine activity theory, we explore two additional moderating mechanisms through which M&As influence data breaches: M&A media publicity and target vulnerability. Our analyses demonstrate that M&As with higher media publicity experience more data breaches than those with lower media publicity, but counterintuitively, M&As involving a more vulnerable target firm lead to fewer data breaches than those involving a less vulnerable target firm. This study not only confirms the impact of M&As on data breach recurrence but also unveils various underlying mechanisms of this impact, thus contributing to both research and practice in cybersecurity and information systems.",https://misq.umn.edu/how-mergers-and-acquisitions-increase-data-breaches-a-complexity-perspective.html,MIS Quarterly
25,2025,GUEST EDITORIAL: Complexity Is the Worst Enemy of Security: Studying Cybersecurity Through the Lens Of Organizational Complexity,"Writing about computer systems twenty-five years ago, Schneier wrote that “the worst enemy of security is complexity” (Schneier, 1999), because complex systems are both easier to attack and harder to secure than simpler ones. In this essay, we provide an overview of Schneier’s complexity principle and provide our observations of how two articles in this issue, Liang et al. (2025) and Tanriverdi et al. (2025), employed this principle in their research. We also offer our ideas for why complexity and cybersecurity are especially amenable for study in the field of information systems and where future research can go from here.",https://misq.umn.edu/complexity-is-the-worst-enemy-of-security-studying-cybersecurity-through-the-lens-of-organizational-complexity.html,MIS Quarterly
26,2025,Regulating Emerging Technologies: Prospective Sensemaking through Abstraction and Elaboration,"Emerging digital technologies require regulation that will avoid harmful effects but that also, ideally, fosters innovation. We report on a case study of how actors, representing a variety of perspectives (legal, regulatory authority, government, industry, and technology), interacted to construct a law on trustworthy technology in the European state of Liechtenstein. This regulatory construction was enabled by collective prospective sensemaking relying on the interrelated processes of abstraction and elaboration, through which actors collectively reconceptualized the regulatory target in terms of the technology (from blockchain to trustworthy technology), its uses (from cryptocurrency to token economy), and required roles (from financial service provider roles to trustworthy technology systems roles). Abstraction allowed the group of actors to extract and generalize essential properties to support the regulatory goals of technology neutrality and innovation-friendliness. Elaboration allowed the group to identify and specify details and requirements to support the regulatory goals of creating legal certainty and protecting users. Through these processes, actors could construct a shared, collective understanding that accommodated various viewpoints and paved the way for writing a law. From this case study, we develop a theory of collective prospective sensemaking in regulating emerging technologies.",https://misq.umn.edu/regulating-emerging-technologies-prospective-sensemaking-through-abstraction-and-elaboration.html,MIS Quarterly
27,2025,The Dark Side of Voluntary Data Sharing,"To balance the need for privacy and the benefits of big data analytics, regulators around the world are giving consumers control over their data, allowing them to choose whether or not to voluntarily share their purchase history data with firms. Intuition suggests that voluntary data sharing benefits consumers who can now choose to share their data only when it is profitable to do so. To investigate this argument, we built a model in which a monopolistic firm sells a repeatedly purchased product to consumers over two periods, and consumers decide whether or not to share their purchase history data with the firm, who can use it in the future to price-discriminate against them. We found that, compared to when data collection is completely outlawed, voluntary data sharing can benefit the firm but at the consumer’s expense. Moreover, regulations that mandate firms to better protect consumer data against data breaches can backfire on consumers. Finally, we show that under voluntary data sharing, a firm’s ability to offer consumers a monetary incentive to share their data can improve profits without hurting consumers. Taken together, these findings underscore the surprising effects of voluntary data sharing and caution public policymakers of how certain data policies that, on the surface, seem purely beneficial can lead to unintended consequences.",https://misq.umn.edu/the-dark-side-of-voluntary-data-sharing.html,MIS Quarterly
28,2025,Regulating Digital Platform Ecosystems Through Data Sharing and Data Siloing: Consequences for Innovation and Welfare,"Digital platform ecosystems thrive on their ability to acquire and leverage user data across multiple data-driven services. This enables dominant platforms to harness insights obtained from their primary markets, where user data is collected, thus gaining a competitive advantage in secondary markets, where they exploit this data. While data cross-use brings about efficiencies, policymakers worldwide have expressed concerns about the economic power and the potential distortion of competition and innovation incentives associated with it. To address these concerns, two distinct and targeted policy interventions have been suggested: data siloing, which restricts the cross-use of data within platform ecosystems, and mandated data sharing with competitors. Using an analytical model that examines data cross-use in digital platform ecosystems, we analyzed the impact of data siloing and data sharing obligations, and their interaction on competition, innovation, consumer welfare, and overall social welfare. Our findings indicate that an optimal policy involves data sharing without data siloing, whereas the EU’s Digital Markets Act currently mandates both types of data cross-use regulation.",https://misq.umn.edu/regulating-digital-platform-ecosystems-through-data-sharing-and-data-siloing-consequences-for-innovation-and-welfare.html,MIS Quarterly
29,2025,Self-Organization and Governance in Digital Platform Ecosystems: An Information Ecology Approach,"This research investigates the interplay of top-down control and bottom-up self-organization within digital platform ecosystems (DPEs), focusing on the formation and management of complementor coalitions. Although these coalitions can increase a DPE’s generativity, they can also threaten its integrity. We investigate this tension by employing information ecology (IE) theory, which allows us to examine complementor coalitions as holons that navigate between self-assertiveness and integration within the structural hierarchies of DPEs. Utilizing an inductive, embedded case-study approach, we analyze the interplay between top-down control exerted by platform owners and the bottom-up self-organization of complementors in two enterprise software platform ecosystems. Our findings identify three distinct interaction modes—mandated, supported, and autonomous self-organization—each presenting hierarchical trade-offs between platform owner control and complementor autonomy. Our findings extend the prevalent owner-centric theory of platform governance by highlighting the significant impact of bottom-up self-organization on the governance and evolution of DPEs. We propose an integrated theory that accommodates these new dynamics, suggesting soft power as an effective governance mechanism. This study contributes to a deeper understanding of the complexities in governing DPEs and offers practical insights for managing top-down control and bottom-up self-organization in the evolving landscape of enterprise software DPEs.",https://misq.umn.edu/self-organization-and-governance-in-digital-platform-ecosystems-an-information-ecology-approach.html,MIS Quarterly
30,2025,Ruptures During IT-enabled Change: A Sensemaking and Imbrication Analysis,"Focusing on imbrication change as conducted by designers during design and development, we undertook a 2.5-year long case study to examine how 10 hospitals configured technology and planned routine changes as they sought to transform their organizations. Our observations revealed a phenomenon we call ruptures, defined as situations that occur due to breakdowns in the process of IT-enabled change. Ruptures allow us to unpack the temporal process of identifying and resolving instances of disruptive problems during IT-enabled change. Our analysis of ruptures in this context expands the theory of imbrication to account for the role of designers. We demonstrate that three imbrication types—historical, envisioned, and realized—exist cognitively during design and influence the design process. Our results demonstrate how problems arise, how dynamic change unfolds through sensemaking, and how fractal, embedded, imbrications complicate the IT-enabled change process.",https://misq.umn.edu/ruptures-during-it-enabled-change-a-sensemaking-and-imbrication-analysis.html,MIS Quarterly
31,2025,Correcting Measurement Error in Regression Models with Variables Constructed from Aggregated Output of Data Mining Models,"The burgeoning interest in data mining has catalyzed a proliferation of innovative techniques in extracting useful information from unstructured data sources, such as text and images in social sciences. One typical research design involves a two-stage process. In the first stage, researchers apply the classification algorithm to predict an individual-level categorical variable. In the second stage, researchers aggregate the predicted values to construct a group-level variable for further regression analysis. For example, text classification has been applied to classify whether a review is positive or negative. The predicted review sentiment is aggregated at the product level as a focal independent variable in a regression model to examine the impact of the average review sentiment on product sales. Since the first-stage classification will inevitably have errors, the aggregated variable may suffer from a measurement error in the regression analysis. Our study attempts to systematically investigate the theoretical properties of the estimation bias and introduce solutions rooted in theory to mitigate the issue of measurement error. We propose one exact solution and two approximated solutions based on the central limit theorem (CLT) and the law of large numbers (LLN), respectively. Our theoretical analysis and experimentation confirm that the consistency of regression estimators can be recovered across all examined scenarios and the approximated solutions offer a significantly reduced computational complexity compared to the exact solution. We also provide heuristic guidelines to choose one of three solutions.",https://misq.umn.edu/correcting-measurement-error-in-regression-models-with-variables-constructed-from-aggregated-output-of-data-mining-models.html,MIS Quarterly
32,2025,The Critical Challenge of using Large-Scale Digital Experiment Platforms for Scientific Discovery,"Robust digital experimentation platforms have become increasingly pervasive at major technology and e-commerce firms worldwide. They allow product managers to use data-driven decision-making through online controlled experiments that estimate the average treatment effect (ATE) relative to a status quo control setting and make associated inferences. As demand for experiments continues to grow, orthogonal test planes (OTPs) have become the industry standard for managing the assignment of users to multiple concurrent experimental treatments in companies using large-scale digital experimentation platforms. In recent years, firms have begun to recognize that test planes might be confounding experimental results, but nevertheless, the practical benefits outweigh the costs. However, the uptick in practitioner-led digital experiments has coincided with an increase in academic-industry research partnerships, where large-scale digital experiments are being used to scientifically answer research questions, validate design choices, and/or derive computational social science-based empirical insights. In such contexts, confounding and biased estimation may have much more pronounced implications for the validity of scientific findings, contributions to theory, building a cumulative literature, and ultimately practice. The purpose of this Issues and Opinions article is to shed light on OTPs—in our experience, most researchers are unaware of how such test planes can lead to incorrect inferences. We used a case study conducted at a major e-commerce company to illustrate the extent to which interactions in concurrent experiments can bias ATEs, often making them appear more positive than they actually are. We discuss implications for research, including the distinction between practical industry experiments and academic research, methodological best practices for mitigating such concerns, and transparency and reproducibility considerations stemming from the complexity and opacity of large-scale experimentation platforms. More broadly, we worry that confounding in scientific research due to reliance on large-scale digital experiments meant to serve a different purpose is a microcosm of a larger epistemological confounding regarding what constitutes a contribution to scientific knowledge.",https://misq.umn.edu/the-critical-challenge-of-using-large-scale-digital-experiment-platforms-for-scientific-discovery.html,MIS Quarterly
33,2024,Dual Pathways of Value Creation from Digital Strategic Posture: Contingent Effects of Competitive Actions and Environmental Uncertainty,"Digital strategic posture (DSP) is defined as a firm’s overall strategic stance toward investing in information technology (IT) initiatives relative to that of rival firms. This study examines how a firm’s DSP affects firm performance. Drawing on the competitive dynamics perspective and contingency view, we demonstrate that DSP influences competitive actions through dual pathways. First, DSP enables firms to take competitive actions that are more appropriate given the level of environmental uncertainty (captured by industry dynamism). In particular, our findings suggest that a proactive DSP enables relatively more innovation-oriented actions in dynamic industries while enabling relatively more operations-oriented actions in less dynamic industries. Second, DSP plays a facilitating role in firms’ execution of competitive actions such that a firm’s value from its proactive DSP is enhanced when there is a fit between the type of the firm’s competitive actions and its level of environmental uncertainty. Specifically, we find that firms with a more proactive DSP achieve superior firm performance from innovation-oriented actions in dynamic industries and from operations-oriented actions in less dynamic industries. Taken together, our findings suggest that a proactive DSP not only allows firms to take appropriate competitive actions that fit their environmental conditions but also contributes to firms’ performance by facilitating the execution of these appropriate actions, thus enhancing their efficacy.",https://misq.umn.edu/dual-pathways-of-value-creation-from-digital-strategic-posture-contingent-effects-of-competitive-actions-and-environmental-uncertainty.html,MIS Quarterly
34,2024,Using Digital Nudges to Enhance Collective Intelligence in Online Collaboration: Insights from Unexpected Outcomes,"The dramatic expansion of internet communication tools has led to the increased use of temporary online groups to solve problems, provide services, or produce new knowledge. However, many of these groups need help to collaborate effectively. The rapid development of new tools and collaboration forms requires ongoing experimentation to develop and test new ways to support this novel form of teamwork. Building on research demonstrating the use of nudges to shape behavior, we report the results of an experiment to nudge teamwork in 168 temporary online groups randomly assigned to one of four different nudge treatments. Each nudge was designed to spur one of three targeted collaborative processes (collaborator skill use, effective task strategy, and the level of collective effort) demonstrated to enhance collective intelligence in extant research. Our results support the basic notion that digitally nudging collaborative processes can improve collective intelligence. However, to our surprise, a couple of nudges had unintended negative effects and ultimately decreased collective intelligence. We discuss our results using structured speculation to systematically consider the conditions under which we would or would not expect the same patterns to materialize in order to clearly articulate directions for future research.",https://misq.umn.edu/using-digital-nudges-to-enhance-collective-intelligence-in-online-collaboration-insights-from-unexpected-outcomes.html,MIS Quarterly
35,2024,Effects of Explicit Sponsorship Disclosure on User Engagement in Social Media Influencer Marketing,"Social media influencer marketing has grown substantially in the last decade and is a major advertising channel for many brands. Social media influencers weave sponsored posts with organic content into their feeds, which raises concerns among regulators and consumer advocates that users may not be able to clearly distinguish between sponsored and organic influencer content. Thus, regulators often mandate the explicit disclosure of sponsored content. However, there is little empirical evidence based on field data about the effects of explicit sponsorship disclosure. Therefore, we empirically investigate the effects of explicitly disclosing sponsorship in influencers’ content on users’ engagement using a large-scale field dataset collected from Facebook and Instagram. Our empirical results suggest that explicit sponsorship disclosure increases user awareness of the advertising nature and earns users’ favorability by enhancing transparency about the sponsored content. We further designed two online experiments to corroborate our empirical results and directly test the underlying mechanisms. Our findings have novel and important implications for marketers, influencers, social media platforms, and regulators in the influencer marketing industry.",https://misq.umn.edu/effects-of-explicit-sponsorship-disclosure-on-user-engagement-in-social-media-influencer-marketing.html,MIS Quarterly
36,2024,Balancing Affordances and Constraints: Designing Enterprise Social Media for Organizational Knowledge Work,"Enterprise social media (ESM) is changing how knowledge workers interact and share information; however, a debate persists as to whether ESM is an adequate knowledge management system. ESM provides a rich set of affordances for organizational knowledge work, such as improved organizational memory, but also constrains knowledge work performance because of digital interruptions. Extending and complementing existing scholarship, this study asks the following research question: How can organizations design ESM to realize its knowledge work benefits? Using a computational agent-based model that incorporates the design features of ESM, workers’ attitudes, and resulting ESM-use affordances and constraints, this study shows how ESM-use outcomes are contingent both on the design of and users’ attitudes toward ESM. Specifically, the negative effects of ESM interactivity are mitigated when employees have a low transparency preference and access ESM without posting as much. The study further unpacks asymmetric engagement as the mechanism that leads low transparency configurations to be more resilient to the negative effects of interruptions driven by ESM interactivity. Asymmetric engagement—learning from posted content without interacting often—enables the gradual creation of organizational memory while maintaining a broad user base by minimizing interruptions. These results ultimately contribute a multilevel model of ESM use and knowledge work outcomes, enhancing the theoretical understanding of previously studied mechanisms such as communication visibility and providing implications for organizations designing ESM.",https://misq.umn.edu/balancing-affordances-and-constraints-designing-enterprise-social-media-for-effective-organizational-knowledge-work.html,MIS Quarterly
37,2024,iRepair or I Repair? A Dialectical Process Analysis of Control Enactment in the iPhone Repair Aftermarket,"We study how Apple and independent repair service providers used different physical, regulatory, and digital instruments to influence each other’s abilities to control the repair aftermarket of the Apple iPhone between 2007 and 2020. We show how the emergence of digital instruments for enacting control, made possible through emerging functionality for tethering, encryption, and temporary binding implemented in the iPhone itself, was shaped by and shaped the actions of Apple and the independent repair service providers, and led to a dominant tension between encrypted authorization and inscription of control through Apple and collective legal action by independent repair service providers. Our analysis provides a more nuanced understanding of control enactment by highlighting the implications of using different mediums for exercising control, and we provide a new way to understand the dialectics involved in enacting control in digital product aftermarkets. Our study provides insights that can inform the regulation of digital product aftermarkets—in particular, the ongoing debate about rights-to-repair legislation.",https://misq.umn.edu/irepair-or-i-repair-a-dialectical-process-analysis-of-control-enactment-on-the-iphone-repair-aftermarket.html,MIS Quarterly
38,2024,Real-Effort Incentives in Online Labor Markets: Punishments and Rewards for Individuals  and Groups,"Online labor markets and the humans that power them serve a critical role in the advancement of artificial intelligence and supervised machine learning via the creation of useful training datasets. The use of human effort in online labor markets is not enough, however, as a key factor is understanding the possible interventions that market operators can leverage to incentivize human effort among their labor force. We propose that platforms could implement mechanisms such as rewards or punishments at individual or group levels to incentivize real-effort and output. We apply our interventions using a collaborative image tagging experiment—a folksonomy—and the results provide interesting insights and nonobvious consequences. On average, interventions applied at the group level outperformed interventions applied at the individual level. Punishing the group provided the most controversial incentive strategy and provided a nonobvious significant improvement in effort. Rewarding or sanctioning an individual had similar effects on average, with both treatments leading to significant increases in effort post-intervention. In contrast to predictions, sanctioning appears to have significantly motivated those that were punished. Overall, the interventions applied in our real-effort collaborative image tagging experiment had a significant impact on behavior, which provides guidance for online labor market operators and the use of incentives in the creation of labeled machine learning training datasets.",https://misq.umn.edu/real-effort-incentives-in-online-labor-markets-punishments-and-rewards-for-individuals-and-groups.html,MIS Quarterly
39,2024,"Delays in Information Presentation Lead to Brain State Switching, Which Degrades User Performance, and There May Not Be Much We Can Do about It","System delays are a major factor that harms user experience. Long delays often result in system abandonment, decreased user performance, and lost revenue for businesses. Although studies have provided important contributions on the consequences of delays, less is known about why system delays harm the user experience. Using fMRI, we examined how long system delays—compared to short delays—can change a user’s brain state. Results showed that brain state switching was more likely during a long delay than during a short delay. Brain state switching was also more likely at the beginning of a task following a long delay than following a short delay. The default-mode network (brain regions associated with inattention) was more active during long delays than when users were engaged in the task. Furthermore, long delays were significantly related to worsened performance as measured in decision time in the task following a delay. This effect was mediated by brain state switching at the beginning of the task after the delay. We also attempted four different system design interventions to overcome this and found partial mitigation, but none eliminated the negative effect of delays.",https://misq.umn.edu/delays-in-information-presentation-lead-to-brain-state-switching-which-degrades-user-performance-and-there-may-not-be-much-we-can-do-about-it.html,MIS Quarterly
40,2024,Skin in the Game: The Transformational Potential of Decentralized Autonomous Organizations,"Decentralized autonomous organizations (DAOs)—collectively owned human-machine systems deployed on a blockchain that self-govern through smart contracts and the voluntary contributions of autonomous community members—exhibit the potential to facilitate collective action in managing digital commons. Yet the promise of decentralization and collective action is difficult to sustain. To this end, this paper critically examines the transformational potential of DAOs in the case of decentralized finance. Using a polycentric governance lens, we contribute to the literature on technology-enabled forms of organizing with a model explaining the transformational potential of DAOs to facilitate collective action in digital commons. Our study highlights that (1) DAOs are a new form of organizing enabled by blockchain technology in which individuals are free to pursue their objectives within a general system of rules enforced by smart contracts, (2) collective action for managing digital commons can be sustained through a set of three mechanisms—sustained participation, collective direction, and scaled organizing, and (3) DAOs tend to strike a balance between centralized and fully decentralized or community-based governance by implementing a polycentric governance system involving a combination of human and machine agency that creates skin in the game.",https://misq.umn.edu/skin-the-the-game-the-transformational-potential-of-decentralized-autonomous-organizations.html,MIS Quarterly
41,2024,Inclusion by Design: Requirements Elicitation with Digitally Marginalized Communities,"A more equal and sustainable digital future depends on the inclusion of digitally marginalized communities in the socioeconomic opportunities created by digital technologies. Digital inclusion is a complex process that involves all stages of digital innovation, including development, adoption, use, and maintenance. However, past research has largely approached digital inclusion as an adoption and use challenge. In this paper, we develop a view of digital inclusion as a design challenge. We focus on the activities of requirements elicitation (RE) as a critical element of the design process and draw on a design-based interpretive study involving the design of two mobile apps for agricultural communities in India and China. We analyze how the conditions of digital inequality underlying the digital marginalization of these communities affect their sensemaking as they participate in RE activities. We conceptualize these challenges as limitations on the emergence of technology affordances. Our findings reveal various shifts, or translations, in the emerging affordances, which enabled the RE activities to be more generative and consequently more inclusive. These affordance translations manifested along three main dimensions: specificity, temporality, and collectivity. We discuss the implications of these findings for the inclusion of marginalized communities in the design of new technologies.",https://misq.umn.edu/inclusion-by-design-requirements-elicitation-with-digitally-marginalized-communities.html,MIS Quarterly
42,2024,"Toward a Process-Based, Interpretive Understanding of How Collaborative Groups Deal With ICT Interruptions","Contemporary knowledge workers collaborating in hybrid work environments need to frequently deal with ICT interruptions. This can potentially lead to disruptions in the collaboration process, particularly in synchronous collaboration contexts. How do knowledge workers deal with such interruptions to ensure the smooth continuation of their collaboration? Previous studies, for the most part, suggest that interruptions are likely to negatively affect the process of collaboration, yet we see that in many instances, knowledge workers continue to collaborate smoothly despite receiving ICT interruptions and even attending to them. In other words, ICT interruptions do not always discernibly affect the collaborative process. In this paper, sensitized by concepts from Goffman’s work, we offer a novel understanding of how group members can seamlessly handle ICT interruptions, avoiding and, in certain cases, recovering from serious disruptions in collaboration.",https://misq.umn.edu/toward-a-process-based-interpretive-understanding-of-how-collaborative-groups-deal-with-ict-interruptions.html,MIS Quarterly
43,2024,Creating Proactive Cyber Threat Intelligence with Hacker Exploit Labels: A Deep Transfer Learning Approach,"The rapid proliferation of complex information systems has been met by an ever-increasing quantity of exploits that can cause irreparable cyber breaches. To mitigate these cyber threats, academia and industry have placed a significant focus on proactively identifying and labeling exploits developed by the international hacker community. However, prevailing approaches for labeling exploits in hacker forums do not leverage metadata from exploit darknet markets or public exploit repositories to enhance labeling performance. In this study, we adopted the computational design science paradigm to develop a novel information technology artifact, the deep transfer learning exploit labeler (DTL-EL). DTL-EL incorporates a pre-initialization design, multi-layer deep transfer learning (DTL), and a self-attention mechanism to automatically label exploits in hacker forums. We rigorously evaluated the proposed DTL-EL against state-of-the-art non-DTL benchmark methods based in classical machine learning and deep learning. Results suggest that the proposed DTL-EL significantly outperforms benchmark methods based on accuracy, precision, recall, and F1-score. Our proposed DTL-EL framework provides important practical implications for key stakeholders such as cybersecurity managers, analysts, and educators.",https://misq.umn.edu/creating-proactive-cyber-threat-intelligence-with-hacker-exploit-labels-a-deep-transfer-learning-approach.html,MIS Quarterly
44,2024,Time Will Tell: The Case for an Idiographic Approach to Behavioral Cybersecurity Research,"Many of the theories used in behavioral cybersecurity research have been applied with a nomothetic approach, which is characterized by cross-sectional data (e.g., one-time surveys) that identify patterns across a population of individuals. Although this can provide valuable between-person, point-in-time insights (e.g., employees who use neutralization techniques, such as denying responsibility for cybersecurity policy violations, tend to comply less), it is unable to reveal within-person patterns that account for varying experiences and situations over time. This paper articulates why an idiographic approach, which undertakes a within-person analysis of longitudinal data, can: (1) help validate widely used theories in behavioral cybersecurity research that imply patterns of behavior within a given person over time and (2) provide distinct theoretical insights on behavioral cybersecurity phenomena by accounting for such within-person patterns. To these ends, we apply an idiographic approach to an established theory in behavioral cybersecurity research—neutralization theory—and empirically test a within-person variant of this theory using a four-week experience sampling study. Our results support a more granular application of neutralization theory in the cybersecurity context that considers the behavior of a given person over time. We conclude the paper by highlighting the contexts and theories that provide the most promising opportunities for future behavioral cybersecurity research using an idiographic approach.",https://misq.umn.edu/time-will-tell-a-case-for-an-idiographic-approach-for-behavioral-cybersecurity-research.html,MIS Quarterly
45,2024,The Entrainment of Task Allocation and Release Cycles in Open Source Software Development,"In this study we identify a process of “entrainment” around open source software (OSS) development release cycles to capture patterns of self-organized task allocation among developers. We conducted an abductive, computationally intensive study of eight OSS projects, using relational event modeling to analyze 1,169,489 actions covering 93 major software releases. The process of entrainment that we identify involves three task allocation mechanisms: (1) developer-issue inertia, (2) developer contribution frequency, and (3) issue popularity. Our analysis demonstrates that these mechanisms and the phases of the release cycle entrain each other. Before a major release, developers engage in a concentrated mobilization phase, whereby they democratize development activity and increasingly allocate community contributions to the set of issues related to the release. After a major release, the extended cleanup phase garners a greater share of development work from recently highly active developers and dilutes the activity of these developers across a wider range of issues. Our theorizing suggests that major releases constitute important events around which OSS communities self-organize and we characterize how this occurs. Our research contributes to theorizing on organizing in OSS communities by explaining how self-organizing task allocation interacts with release cycles through the mechanism of entrainment. We also contribute to the literature on entrainment by showing how it may unfold in the context of online peer production communities such as OSS.",https://misq.umn.edu/the-entrainment-of-task-allocation-and-release-cycles-in-open-source-software-development.html,MIS Quarterly
46,2024,Website Localization Strategies to Promote Global E-Commerce: The Moderating Role of Individualism and Collectivism,"Website localization plays an important role in guiding firms on how to customize websites across countries in which they have a local presence. However, few studies on website localization have systematically examined this topic from a theoretically grounded perspective. Drawing upon the theoretically driven consumer-company identification perspective, we propose that three website localization strategies (web similarity strategy, web distinctiveness strategy, and web prestige strategy) have positive effects on local users’ perceived website localization, which, in turn, is related to local users’ website loyalty. We further investigate the effects of these website localization strategies in a cross-cultural setting, focusing on the individualism-collectivism dimension of culture. Based on our online experiments in both the United States and China, we find that these website localization strategies have significant impacts on consumers’ perceived website localization, which is related to consumers’ website loyalty. We also find that web distinctiveness and web prestige strategies are more effective for people from collectivistic societies than for those from individualistic societies, whereas web similarity strategies do not differ across societal types. These findings highlight the importance of website localization strategies for customizing websites for global e-commerce.",https://misq.umn.edu/website-localization-strategies-to-promote-global-e-commerce-the-moderating-role-of-individualism-and-collectivism.html,MIS Quarterly
47,2024,How Users Drive Value in Two-Sided Markets: Platform Designs That Matter,"Extant research has popularized the perspective that strong network effects produce “winner-take-all” outcomes, which leads platforms to invest in user growth and encourages investors to subsidize these platforms. However, user growth does not necessarily imply strong user stickiness. Without user stickiness, strong network effects in the current period may fade in future periods, thus rendering a user growth strategy ineffective. By adding a time dimension to network effects, we developed a model of cross-period and within-period network effects to explain how different types of network effects drive value. We emphasize that the cross-period same-side network effect contributes to user stickiness, while the within-period cross-side network effect persists conditional on user stickiness. We propose that one reason for platforms having heterogeneous cross-period same-side network effects is because of the “product learning” mechanism: it is expected that products with higher uncertainty have a stronger cross-period same-side network effect. Based on different drivers, we extend the customer lifetime value model (CLV2) to two-sided platform markets, allowing us to measure how different interventions drive platform value. Using Groupon data, we verify our insights and discuss platform design choices that enhance user stickiness when the cross-period same-side network effect is weak.",https://misq.umn.edu/how-users-drive-value-in-two-sided-markets-platform-designs-that-matter.html,MIS Quarterly
48,2024,Economics of Analytics Services on a Marketplace Platform,"Analytics services provided by marketplace platforms have become increasingly important for sellers seeking market insights. In this paper, we examine a scenario in which an analytics service plays a vital role in enhancing sellers’ understanding of market size and improving their decision-making. Using a game-theoretic model, we analyze the pricing strategies of the platform and the adoption strategies of sellers for the analytics service. Our study identifies two distinct effects of analytics services: the competition effect and the accuracy effect. Specifically, the competition effect manifests in opposing ways across different market scenarios, with a competition-intensifying effect in low-demand markets and a competition-weakening effect in high-demand markets. Consequently, sellers using an analytics service command lower prices in low-demand markets and higher prices in high-demand markets. More interestingly, our results reveal that offering an analytics service could potentially hurt the total market demand, subsequently impacting the platform’s revenue from the marketplace service and potentially leaving the platform worse off. Additionally, driven by both the accuracy and competition effects, adopting an analytics service may adversely affect seller profitability and consumer surplus without necessarily improving overall welfare. Moreover, the transaction fee for the marketplace service plays a crucial role in the interplay between the analytics and marketplace services. Specifically, in low-demand (high-demand) markets, as the transaction fee increases, platforms should consider reducing (increasing) the subscription fee to encourage more (fewer) sellers to adopt the analytics service, thereby enhancing overall market demand and increasing revenue from the marketplace service. Our findings also suggest that platforms should refrain from offering analytics services in high-demand markets when the transaction fee is relatively high. Furthermore, policymakers (sellers) should be mindful of the potential negative consequences associated with the adoption of analytics services in high-demand (low-demand) markets.",https://misq.umn.edu/economics-of-analytics-services-on-a-marketplace-platform.html,MIS Quarterly
49,2024,Understanding the Returns from Integrated Enterprise Systems: The Impacts of Agile and Phased Implementation Strategies,"How do firms benefit from integrated enterprise systems (IES), and how does the IES implementation strategy influence the returns from IES? We investigated the implementation strategy that firms should follow to integrate multiple enterprise systems regarding the timing of adoption and the richness of modules. Borrowing theories from software development literature and enterprise system implementation literature, we developed two IES implementation strategies, i.e., the agile strategy (simple, quick, and flexible) and the phased strategy (rich, phased, and pre-determined). We collected a sample of 675 public firms from 1997 to 2004 at the module level, enabling us to distinguish enterprise resource planning (ERP) systems from customer relationship management (CRM) and supply chain management (SCM) systems. Our data contained the timing of purchase and “go-live” events of these system modules, helping us understand firms’ detailed implementation decisions. We found that IES returns depend on the choices of ERP and CRM/SCM module foundation, ERP-CRM/SCM sequential connection, and the continued adoption of ERP and CRM/SCM modules. Fewer ERP or CRM/SCM modules at CRM/SCM go-live events, a quicker connection between ERP and CRM/SCM go-live events, and the continued adoption of ERP or CRM/SCM modules all were found to enhance IES returns. Our findings show that the agile strategy leads to more returns from IES than the phased strategy and suggest that firms should integrate multiple enterprise systems by going live with advanced system modules quickly after going live with basic enterprise system modules and by continually adding new modules.",https://misq.umn.edu/understanding-the-returns-to-integrated-enterprise-systems-the-impacts-of-agile-and-phased-implementation-strategies.html,MIS Quarterly
50,2024,Engaging Users on Social Media Business Pages: The Roles of User Comments and Firm Responses,"Firms must strategically manage their responses to user comments to keep users engaged on their social media business pages. The question of whether, how, and when a firm should respond to user comments to achieve favorable outcomes is of great interest to researchers and practitioners. We focus on these questions and study the effects of initial user comments and firm responses on subsequent user engagement on social media business pages. In particular, we theorize and examine how two features of initial user comments (i.e., sentiment and controversialness) and two features of firm responses (i.e., uniqueness and timeliness) jointly affect the volume and sentiment of subsequent user comments. By analyzing data from the Facebook business pages of multiple U.S. retailers (10,312 firm posts from 37 firms and over 1 million user comments), we found that firms are more likely to respond to negative comments (than positive or neutral comments) but less likely to respond to controversial comments (which evoke diverse opinions and emotions). Further, we found that engaging with negative and controversial comments and promptly responding to comments are linked to an increase in the volume of subsequent user comments but also to a more negative sentiment in these comments. We also found that providing unique responses improves the volume and sentiment of subsequent user comments. Our findings offer theoretical and practical insights into firms’ response management on social media.",https://misq.umn.edu/engaging-users-on-social-media-business-pages-the-roles-of-user-comments-and-firm-responses.html,MIS Quarterly
51,2024,Creation or Destruction? STEM OPT Extension and Employment of Information Technology Professionals,"Information technology (IT) professionals play a critical role in digital transformation, innovation, and entrepreneurship, contributing to significant economic growth. The use of temporary work visas and related immigration policies has attracted significant controversy and policy debates in developed nations. On the one hand, foreign IT professionals can complement domestic IT professionals by bringing new skills and knowledge, which benefit domestic workers. On the other hand, foreign IT professionals may substitute for their domestic counterparts due to  intensified labor-market competition. In this study, we focus on an extension in the Optional Practical Training (OPT) program in the U.S. for foreign science, technology, engineering, and mathematics (STEM) graduates from U.S. institutions. We explore the effects of the STEM OPT extension on the number and wage of domestic workers in STEM occupations and how these effects differ between IT and non-IT STEM occupations. We found that an increase in the supply of foreign STEM professionals from the OPT extension has boosted the employment of domestic workers in STEM occupations and that the effects are stronger for IT occupations. This study contributes to the information systems literature by demonstrating the unique effects of immigrant policies on IT occupations and provides significant implications for evidence-driven policy making.",https://misq.umn.edu/creation-or-destruction-stem-opt-extension-and-employment-of-information-technology-professionals.html,MIS Quarterly
52,2024,"No News is Bad News: The Internet, Corruption, and the Decline of the Fourth Estate","The rise of the internet has upended numerous industries, but none more so than news production. The connectivity fostered by digitization has been accompanied by the emergence of content aggregation, the proliferation of fake news, and the extended geographic reach of industry leaders, all of which have served to hollow out local reporting capacity. In this work, we examine the result of changes wrought by the internet on an outcome of theoretical and practical significance: corruption. Inasmuch as newspapers are viewed as an important investigative arm of local communities, it is possible that corrupt local actors will be emboldened in their absence. To test this hypothesis, we employed a difference-in-differences approach, exploiting the phased closure of major daily newspapers across the country. Our results indicate a significant and positive correlation between federal corruption charges and newspaper closures. Further, we observed no evidence that the rise in online news vendors or the democratization of the press ameliorates this effect. This suggests a key issue with the increased geographic reach of digitized firms in the form of “information blindness” to local issues.",https://misq.umn.edu/no-news-is-bad-news-the-internet-corruption-and-the-decline-of-the-fourth-estate.html,MIS Quarterly
53,2024,Deconstructing Technostress: A Configurational Approach to Explaining Job Burnout and Job Performance,"Understanding how technostressors lead to technostrain, such as high job burnout or low job performance, has become a core question in information systems (IS) research and practice. To unpack this relationship, we build on general systems theory to argue that the next step for technostress research is to go beyond examining the independent influences of technostressors and discuss how their interdependencies lead to technostrain. To illustrate our argument empirically, we use fuzzy-set qualitative comparative analysis (fsQCA) and identify four configurations of high- and low-intensity technostressors that lead to high job burnout and one that leads to low job performance. We show that three types of interdependencies among technostressors, i.e., complementarity, contingency, and substitution, form configurations that lead to technostrain. Within these configurations, high-intensity technostressors can mutually enhance their effects and low-intensity technostressors can buffer the impact of other high-intensity technostressors on technostrain. The results help to explain why organizational interventions that address independent technostressors may fail if they do not account for the interdependencies among technostressors. Our work provides evidence of the need to further develop theories that explain how and why interdependencies among technostressors lead to technostrain.",https://misq.umn.edu/deconstructing-technostress-a-configurational-approach-to-explaining-job-burnout-and-job-performance.html,MIS Quarterly
54,2024,Digitization of Transaction Terms within TCE: Strong Smart Contract as a New Mode of Transaction Governance,"We use transaction cost economics (TCE) to define the “digitization of transaction terms” shift parameter that describes the institutional changes associated with increased digitization in society. We then draw on legal scholarship to analyze how strong smart contracts, which refer to agreements with automatic execution and enforcement that are not reversible by courts, rely on a new level of digitization of transaction terms. Specifically, these contracts may rely on standard digital infrastructures such as blockchain systems that guarantee automatic execution and non-reversibility. Strong smart contracts represent a distinct mode of transaction governance compared to markets, hierarchies, or hybrids. This is because each classic governance mode is distinguished by how ex post adaptation is handled—through public courts, managerial fiat, or both. In contrast, strong smart contracts prevent ex post adaptation altogether. We propose that when strong smart contracts can be fully specified, they may dominate other governance modes based on certain trade-offs. These trade-offs include weighing the benefits of avoiding the holdup problem and lowering contract enforcement costs against the downsides of high ex ante specification costs and the elimination of flexibility to make ex post adjustments in a changing environment. Our discussion elaborates on which institutional conditions can further facilitate this institutional shift.",https://misq.umn.edu/digitization-of-transaction-terms-shift-parameter-within-tce-strong-smart-contract-as-a-new-mode-of-transaction-governance.html,MIS Quarterly
55,2024,In-Consumption Information Cues and Online Video Consumption,"Online video platforms such as YouTube feature visual cues on progress bars to spotlight standout segments of videos. These cues, designed to steer users toward intriguing content moments, raise questions about their overarching impact on video consumption patterns. In this study, we delve into in-consumption information cues (ICICs), indicators that depict fluctuating video quality in real time. Drawing from a natural experiment on a live streaming platform, we evaluate the effects of engagement graphs. These are visual timelines that emphasize moments favored by prior viewers in video-on-demand (VOD) content, which represent full replays of live stream sessions. Notably, these graphs are only accessible to iOS users, leaving Android users without access. Our results show that ICICs enhance the viewership of VODs and live streams. Moreover, viewers tend to spend more time immersed in live broadcasts, suggesting heightened content appeal. Yet, these engagement graphs do not prompt users to donate more virtual gifts, a vital income stream for streamers. Even with the introduction of ICICs, while there is a rise in video production, the inherent structure of live streams remained largely unchanged. We conclude by discussing the academic and managerial implications of these findings.",https://misq.umn.edu/in-consumption-information-cues-and-online-video-consumption.html,MIS Quarterly
56,2024,Navigating the Digital Terrain of Prosocial Disclosures and Likability,"When people share their prosocial behavior on social media, they face a dilemma. By making prosocial disclosures, they risk being perceived as self-promoting or even selfish and thus less likable. By staying silent, they fail to spread awareness about prosocial activities they value. Drawing on attribution theory, we study the digital reaction of likes to the self-disclosure of prosocial activities that involve multiple stakeholders to understand the affordances and constraints of social media. Leveraging field data on a social networking site, we found that reporting a higher level of self-effort increases the digital reaction of likes. To our surprise, expressing gratitude for the sponsor’s efforts also increased likes for such self-disclosures. Through lab experiments that emulated this context, we dissected this paradox by separating the positive effect of expressing gratitude and the negative effect of sharing credit with other stakeholders on likes. Further, we underscore the salience of expressing gratitude, even when gratitude was extended to sponsors with bad reputations. Our study contributes to the design of a more humane digital world where individuals share and promote prosocial activities without compromising their likability and offers valuable insights for navigating the evolving landscape of social networking platforms.",https://misq.umn.edu/navigating-the-digital-terrain-of-prosocial-disclosures-and-likability.html,MIS Quarterly
57,2024,Generativity and Profitability on B2B Innovation Platforms: A Simulation-based Theory Development,"Firms generate innovations to profit from market opportunities, which are newly identified customer needs not yet being met in the market. The rising complexity of market opportunities requires collaboration among multiple partner firms. However, this multipartner collaboration increases transaction and production costs when generating innovations. To address these challenges, incumbents build B2B innovation platforms with mechanisms to reduce partners’ transaction and production costs. We do not yet know if and when partners would choose to use the incumbent’s traditional service innovation model or the B2B innovation platform and how this choice would affect the generativity and profitability of innovations for the incumbent and the partners. We used agent-based modeling and simulation to develop a theory to address these questions. We found that the complexity of market opportunities interacts with the B2B innovation platform’s transaction and production mechanisms to jointly affect whether partners use the platform and when the incumbent and partners achieve generativity and profitability. When the complexity of market opportunities is low, partners use the traditional service innovation model. As complexity increases to medium or high levels, partners begin to use the B2B innovation platform mechanisms to address the transaction and production challenges presented by the complexity of market opportunities. However, there are limits to how much the platform mechanisms can address these challenges. The complexity of market opportunities inhibits the emergence of network effects on B2B innovation platforms and limits the generativity and profitability of platform partners. There are diminishing benefits of investing in the platform’s transaction and production mechanisms, and complexity affects whether the platform owner or the partners profit from innovations generated on the platform.",https://misq.umn.edu/generativity-and-profitability-on-b2b-innovation-platforms-a-simulation-based-theory-development.html,MIS Quarterly
58,2024,Lying for Viewers: Commingled Partisan Falsehoods Increase Viewing and Sharing of News Media,"Is there an economic incentive for celebrities and well-known media firms to commingle falsehoods into news stories? We conducted five experiments, plus a field validation using secondary data. When presented by celebrities and well-known media firms, a commingled partisan falsehood in an otherwise true news story significantly increased viewing and sharing intentions among politically aligned viewers. The effect was weaker but significant when we replaced the celebrity with an unknown speaker and disappeared when both the celebrity and the well-known firm were replaced by unknowns. This effect was explained by confirmation bias and the viewer’s belief that the falsehood was true. In contrast, a false news story focusing on the same falsehood increased viewing and sharing intentions only when presented by unknowns, with viewers’ belief playing a limited role. The field study found a significantly positive relationship between a commingled partisan falsehood in videos of well-known media firms and actual viewership. We conclude that commingled partisan falsehoods provide a significant viewership increase for celebrities and well-known media firms, creating an economic incentive for lying and posing complex challenges in the fake news era. We discuss the challenges and opportunities in this area for policymakers and media firms.",https://misq.umn.edu/lying-for-viewers-co-mingled-partisan-falsehoods-increase-viewing-and-sharing-of-news-media.html,MIS Quarterly
59,2024,Commercializing Social Media? How Showrooms on Social Media Fan Pages Influence Customer Behavior,"While marketing on social media fan pages has received widespread research attention, few studies have investigated the impact of adding a showroom to a social media fan page. Showrooms on social media fan pages are unique in that they can amplify the conflicts between businesses’ commercial purposes (selling) and customers’ expectations (socializing) on social media, making it unclear how they might influence customer behavior. In this study, we open this black box by using data from a leading fashion retailer. We found that adding a showroom to a fan page has both positive implications, in that it leads to more user engagement and purchases, and negative implications, in that it leads users to “unfollow” the retailer’s social media fan page. We further found that such impact is moderated by customer willingness to disclose private information. Specifically, the positive (negative) implication is significantly greater (smaller) for customers who are willing to disclose their private information to the retailer on social media. Mechanism-level analyses suggest that adding a showroom to a fan page can increase customer purchases both directly and indirectly by facilitating their engagement with the fan page and that customer willingness to disclose private information negatively moderates the mediation effect of user engagement on purchase behavior. In addition, results from an online experiment indicate that such showrooms can increase unfollowing by undermining users’ social perception of the fan page and raising users’ privacy concerns. Our findings suggest that even when firms see a significant increase in user purchase and activities after adding a showroom on their fan pages, they should carefully consider the potential risk of driving away customers and strategically target users who are less privacy sensitive.",https://misq.umn.edu/commercializing-social-media-how-showrooms-on-social-media-fan-pages-influence-customer-behavior.html,MIS Quarterly
60,2024,Data Commoning in the Life Sciences,"Datafication is driving organizations to invest in data commons not only to share the costs of data generation, analysis, and curation; but more importantly, to realize synergies in precompetitive research collaborations where private and public motives interact (i.e., semicommons). The fanfare surrounding datafication often hails the sophisticated algorithms used to develop large quantities of data toward greater insight, naïvely assuming that more data equals better data. Yet, for datafication in general and precompetitive research specifically, less attention is awarded to what actually constitutes data and evidence in the first place—that is, to its genesis, construction, and interpretation by heterogeneous scientific and commercial entities. We present the case of Open Targets, a precompetitive collaboration in the life sciences, where publicly funded research, nonprofit foundations, and for-profit pharma collaborate to generate and share data in genomics, proteomics, and bioinformatics. We theorize about the process of data commoning, a political activity in the semicommons where data are created, evidential value is assembled, and scientific meaning converges as data travels, or journeys across creators, validators, and users. Our findings highlight the effects of relational dynamics and political nature of data journeys: why these dynamics form, how they are manifest in a precompetitive semicommons, and what implications this can have for the mobility of data as shared, public good.",https://misq.umn.edu/data-commoning-in-life-sciences.html,MIS Quarterly
61,2024,How the Locus of Uncertainty Shapes the Influence of CEO Long-term Compensation on Information Technology Capital Investments,"Firms must allocate resources effectively to cope with uncertainty, which can manifest as a disruption and an opportunity. Although information technology (IT) is a means to cope with uncertainty, chief executive officers (CEOs) may not always support IT investments due to the risky nature of IT, especially when facing uncertain conditions. While prior research suggests that CEO long-term compensation positively incentivizes IT investments, little is known about how different loci of uncertainty impact this relationship. To address this research gap, we study how firm-specific uncertainty and competitive uncertainty shape the influence of CEO long-term compensation on a firm’s IT capital investment. Drawing on agency theory and prospect theory, we develop two hypotheses. First, we hypothesize that firm-specific uncertainty and competitive uncertainty positively moderate the influence of CEO long-term compensation on firm IT capital investment. Second, we hypothesize that competitive uncertainty has a stronger positive moderating effect than firm-specific uncertainty on the influence of CEO long-term compensation on firm IT capital investment. Our analysis of secondary longitudinal data from 2000 to 2007 of 357 public firms in the United States supports our hypotheses. In exploratory analyses, we found that CEO long-term compensation results in a higher risk-oriented dominant logic in the firm, particularly in conditions of firm-specific uncertainty and competitive uncertainty, with competitive uncertainty having a stronger positive moderating effect. These findings uncover risk-oriented dominant logic as a theoretical mechanism that explains how CEO long-term compensation positively influences firm IT capital investment in uncertain conditions. We also conducted exploratory analyses using a different secondary dataset of 286 U.S. public firms from 2004 to 2019 to consider firm investments in transformative IT applications and found support for our theory. This finding triangulates our results across different time periods and different types of IT investments. This study contributes to theory and practice by providing a nuanced understanding of boundary conditions surrounding CEO long-term compensation, and decisions CEOs make vis-à-vis IT capital investments.",https://misq.umn.edu/how-the-locus-of-uncertainty-shapes-the-influence-of-ceo-long-term-compensation-on-it-capital-investments.html,MIS Quarterly
62,2024,Dealing with Complexity in Design Science Research: A Methodology Using Design Echelons,"Design science research (DSR) aims to generate knowledge about innovative solutions to real-world problems. Consequently, DSR needs to deal with the complexity related to problem and solution spaces involving sociotechnical phenomena that people perceive differently and are subject to constant change. This complexity poses challenges to sequential, process-based approaches—specifically, the existing DSR methodology. We designed a DSR methodology that extends existing approaches by adding a complementary organizing logic to address complexity. Based on the theory of hierarchical, multilevel systems, we suggest organizing DSR based on the concept of “echelons”—meaning decomposing DSR projects into smaller logically coherent self-contained parts—and suggest a set of five design echelons that imply a hierarchical organizing logic for DSR projects. The echeloned DSR (eDSR) methodology was developed in five iterations, involving seven design and evaluation episodes.",https://misq.umn.edu/dealing-with-complexity-in-design-science-research-a-methodology-using-design-echelons.html,MIS Quarterly
63,2024,The Effect of Bots on Human Interaction in Online Communities,"We investigate how bots influence human-to-human interaction in online communities. In doing so, we distinguish between reflexive and supervisory bots delegated by community participants and moderators, respectively. We hypothesize that reflexive bot activity will reduce direct reciprocity and increase generalized reciprocity and that supervisory bot activity will reduce preferential attachment among human participants. Through an analysis of almost 70 million posts on the discussion communities on Reddit, a popular platform for online discussions, we found support for the hypotheses.",https://misq.umn.edu/the-effect-of-bots-on-human-interaction-in-online-communities.html,MIS Quarterly
64,2024,Performance Implications of Digital Disruption in Strategic Competition,"Pervasive digitalization is changing how firms engage in strategic competition. Some firms are pursuing digital disruption strategies, using digital resources to rewire their value chain and change the landscape of their industry by redefining performance expectations. Other firms are adapting to digitalization by adding digital resources into their existing value chain. Through NK model simulations, we advance our understanding of digital disruption vis-à-vis adaptation in strategic competition in two main ways. First, we unearth important nuances in performance trade-offs: A digital disruption strategy may be effective for relative performance at the expense of absolute performance gains. Second, we explore relevant market- and competitor-related conditions under which firms should opt (or not) for a digital disruption strategy.",https://misq.umn.edu/performance-implications-of-digital-disruption-in-strategic-competition.html,MIS Quarterly
65,2024,Dynamics of Competition on Openness Strategies and Software Maintenance,"Software firms are increasingly adopting an open source strategy, allowing them to leverage the effort exerted by the open source community toward improving software quality. In addition to embracing a proprietary or fully open source strategy, several firms choose a partial openness strategy wherein only certain parts of the code are open source while the rest is proprietary. Specifically, when adopting a partial openness strategy, a firm may choose to make the core software code open source while keeping the extension software code proprietary or keep the core proprietary and make the extension open source. When making decisions related to different openness strategies, firms need to take into account the level of effort they are exerting toward the improvement of the quality of software, the level of engagement of the open source community, and pricing. Hence, the decisions related to a firm’s openness strategy are not straightforward. While this is an important question for many firms, it has not been analyzed in the literature. In this research, we attempt to fill this important gap by analyzing different openness strategies in the context of resource allocation for fixing defects. Specifically, using a game-theoretic model, we explore when a firm should make its software fully open source or partially open source and when it should keep it proprietary. Our results show that when the baseline demand for the firm increases with the extent of openness, the firm should either make its software fully open or keep it proprietary and, importantly, should not rely on partial openness. Next, in scenarios where customers are highly sensitive to security risks, the demand loss to efficiency gain ratio has an important role in determining a firm’s optimal openness strategies. These findings provide important insights to firms on how to effectively plan their openness strategies and also establish a basis for future research on the topic of partial openness.",https://misq.umn.edu/dynamics-of-competition-on-openness-strategies-and-software-maintenance.html,MIS Quarterly
66,2024,Equal Opportunity for All? The Long Tail of Crowdfunding: Evidence from Kickstarter,"Crowdfunding platforms are believed to create a more equal-opportunity environment for fundraising by removing entrance barriers found in traditional entrepreneurial markets. Our work investigates whether in creating more equal opportunities for entrepreneurs to enter the market, crowdfunding platforms also create a more equal distribution of funds across ventures. To this end, we utilized a natural experiment in the form of a policy change on Kickstarter.com that resulted in opening the market to more players. Using platform-level analysis, we show that opening the platform shifted demand toward the head of the distribution: More funds and backers became concentrated in a smaller number of head-offers (the superstar effect). Using individual backer-level analysis, we show that these changes in demand distribution are likely to have resulted from changes in investors’ investment behavior, beyond changes in the composition of the demand side (that is, changes in the types of investors entering the market). Together, our results suggest that efforts to level the playing field in crowdfunding platforms can ultimately result in a less equitable distribution of funds across market participants, and drive investors to focus their investments on a smaller set of campaigns.",https://misq.umn.edu/equal-opportunity-for-all-the-long-tail-of-crowdfunding-evidence-from-kickstarter.html,MIS Quarterly
67,2024,Infectious Confidence: Unraveling the Effects of Confidence Contagion on Overfunding in Equity Crowdfunding,"Equity crowdfunding campaign overfunding occurs when a campaign generates funds in excess of the funding goal and has hence been touted as the mark of an extraordinarily successful campaign. However, a novel theoretical lens is needed to comprehend funders’ enthusiasm in their support of such campaigns. Building on the extant literature on contagion effect, we constructed a research model that posits confidence contagion invoked by confidence cues embedded in campaign materials as a key driver of overfunding. Our hypotheses were validated in two complementary empirical studies. In Study 1, we manipulated confidence cues in a controlled experiment to verify the activation of confidence contagion at the individual level. Analytical results indicate that individual funders detect self-confidence traits from confidence cues embedded in campaign materials and assimilate the fundraiser’s confidence via a spontaneous social appraisal mechanism. In turn, confidence contagion drives funders to congregate and invest in campaigns. In Study 2, we analyzed a secondary dataset collected from a leading equity crowdfunding platform to discern how confidence contagion drives overfunding at the collective level. By modeling funding activities as a Hawkes process, we derived three key metrics that govern the emergence and magnitude of funding surges. We demonstrated that these metrics of funding surges mediate the impact of confidence cues on the level of overfunding for equity crowdfunding campaigns. The findings from this study could inform future research seeking to untangle the interdependencies between individual and collective mechanisms underlying crowd phenomena, provide strategic guidance to fundraisers interested in promoting the overfunding of their campaigns, and help crowdfunding platforms predict the potential extent of overfunding and advise fundraisers accordingly.",https://misq.umn.edu/infectious-confidence-unraveling-the-effects-of-confidence-contagion-on-overfunding-in-equity-crowdfunding.html,MIS Quarterly
68,2024,Connecting Customers and Merchants Offline: Experimental Evidence from the Commercialization of Last-mile Stations at Alibaba,"Many e-commerce platforms have established extensive networks of stations as their last-mile logistics infrastructure. This study investigates how this last-mile infrastructure may serve as an offline platform to connect customers and merchants in the physical world by leveraging walk-in traffic (organic interaction) and prompting interested customers through online intervention (induced interaction). Using free sample distribution as an example, we designed two large-scale studies in collaboration with Alibaba—an observational study across 1,032 stations and a randomized field experiment among 189,019 customers—to examine the causal effects of organic and induced interactions on customers’ subsequent online purchases from the focal brands, respectively. We found that induced interaction drives significantly more online sales than organic interaction. Under induced interaction, the online intervention effectively increases the number of free samples distributed. Nevertheless, the more significant increase in online sales for induced claimers is not simply due to more free samples distributed but because the induced customers are more interested and more likely to purchase. We identified this phenomenon as a screening mechanism that facilitates an advantageous selection of customers claiming the samples. Customers willing to pay the additional travel cost to claim samples are more likely to purchase the focal brands afterward. Finally, we developed a customized targeting framework using a generalized random forest model to enhance the effectiveness of induced interaction at the last-mile stations. Our study raises a key insight that the “foot-in-the-door” traffic in an omnichannel environment can be fundamentally different depending on whether the offline customers are driven from the online channel.",https://misq.umn.edu/connecting-customers-and-merchants-offline-experimental-evidence-from-the-commercialization-of-last-mile-stations-at-alibaba.html,MIS Quarterly
69,2024,When Should a Sharing Platform Adopt the Bilateral Review System?,"The increasing popularity of sharing platforms is raising concerns about a lack of information on the demand side: the cost of serving specific buyers is typically unknown to sellers. To mitigate this concern, some platforms, such as Airbnb, have adopted the bilateral review system (BRS), allowing buyers and sellers to rate each other. This differs from the traditional unilateral review system (URS), which allows only buyers to rate sellers. In this study, we examine how these two review systems impact the operation of a peer-to-peer (P2P) sharing platform, where sellers with different qualities are matched with buyers with different serving costs. Our analysis reveals that under URS, even with perfect seller information, high-quality sellers can still be driven out of the market due to unknown information about the buyer and the “coproduction” nature of the serving cost. This differs from the adverse selection problem often observed in the used car market, for example, where sellers of high-quality products withdraw due to generally unknown product quality. Additionally, we highlight the critical role of the expected buyer cost: When this cost is high, BRS can benefit the platform by alleviating the adverse selection problem; however, when this cost is low, BRS becomes detrimental to the platform. Our analysis also shows that BRS helps buyers but can hurt sellers. However, BRS has the potential to generate a favorable outcome for all parties involved, resulting in a win-win-win situation benefiting the platform, buyers, and sellers. Our results not only shed light on review system design but also provide a plausible explanation for the widespread use of BRS by sharing platforms such as Airbnb, Fiverr, and Turo.",https://misq.umn.edu/when-should-a-sharing-platform-adopt-the-bilateral-review-system.html,MIS Quarterly
70,2024,Techno-Service-Profit Chain: The Impacts of IoT-Enabled Algorithmic Customer Service Systems from an Interdisciplinary Perspective,"The infusion of emerging technologies (e.g., IoT-enabled algorithmic customer service systems [IACSs]) often brings disruptive changes to customer service. In particular, the agentic nature of these technologies challenges prominent service theories. Among these challenges, recent scholarly calls have pushed for more research on the infusion of emerging technologies into the service-profit chain (SPC) framework, advocating for the importance of extended knowledge to develop a techno-infused version of the SPC. Thus, from an interdisciplinary perspective, we draw upon role theory and propose a technoservice-profit chain (TSPC). Specifically, we contextualize the SPC in the technoservice context with different approaches, including decomposing context-specific constructs and theorizing IACS implementation as a contextual factor that moderates TSPC relationships. Using a sequential mixed methods design combining quantitative and qualitative approaches, we tested our research model by conducting multiwave surveys and follow-up interviews in a large business-to-business service firm with data from employees, supervisors, and customers before and after IACS implementation. This interdisciplinary study contributes to the information systems, service marketing, and management literatures by enriching the compositions of core SPC constructs, theorizing interactions between human agents and technology agents, and scrutinizing the impacts of technology agents on the linkages between internal employee management and external customer service. Our results further reveal the emerging issues of competing bosses (i.e., supervisors and IACSs), competing employees (i.e., employees and IACSs), and the unintended dehumanization effects of IACSs on supervisors and employees.",https://misq.umn.edu/techno-service-profit-chain-the-impacts-of-iot-enabled-algorithmic-customer-service-systems-from-an-interdisciplinary-perspective.html,MIS Quarterly
71,2024,The Returns of Early Adoption of Information Technologies: Order of Adoption or Level of Adoption Advantages?,"We study whether the early adoption of information technologies provides competitive advantages and examine the source of such advantages. Existing research in this area has failed to differentiate between the advantages arising from the timing of adoption (e.g., asset preemption) and those that are related to higher levels of adoption (e.g., organizational learning). In this paper, we break down these advantages into two components: order of adoption (early vs. late adopters) and level of adoption (high vs. low internal diffusion levels). The empirical analysis examines the adoption and subsequent intrafirm diffusion of the automated teller machine in a sample of Spanish savings banks using a long data panel extending from 1988 to 2004. The results show that the advantages associated with the order of adoption outweigh those associated with the level of adoption and have the potential to be long lasting. Our findings are consistent across various estimation methods, and we assess different performance dimensions (ROA, income, and efficiency). Our modeling and findings have implications for managers and can be applied to the study of the early adoption of modern technologies.",https://misq.umn.edu/the-returns-of-early-adoption-of-information-technologies-order-of-adoption-or-level-of-adoption-advantages.html,MIS Quarterly
72,2024,Conceptualization and Measurement of Voice Interaction Usability: The Development of Cooperative Principle Theory for Smart Product Use,"The usability of voice interaction is critical for consumers to have a satisfactory experience when interacting with voice-controlled smart products. However, voice interaction from the user’s perspective is underresearched and there are no existing scales to measure voice-interaction usability. This study uses a mixed methods approach to explore the construct of voice-interaction usability and establish a scale that can be used for measuring it. We first developed voice-interaction usability dimensions based on user reviews by using a coding technique that stems from grounded theory and then set up a classification of voice-interaction usability with five dimensions and 13 subdimensions based on cooperative principle theory. After developing the multilevel dimensions, we collected and examined multiple rounds of survey data to develop and validate a voice-interaction usability scale. This study enhances cooperative principle theory by extending the four-principle framework, developing the subdimensions of the framework in the human-machine voice-interaction context, and operationalizing the dimension concepts by developing the associated scales. The voice-interaction usability scale not only contributes to research on users’ behavior and experience with voice-controlled smart products but also provides insights to improve the design of voice-interaction functions.",https://misq.umn.edu/conceptualization-and-measurement-of-voice-interaction-usability-the-development-of-cooperative-principle-theory-for-smart-product-use.html,MIS Quarterly
73,2024,Behaviorally Measuring Usability by Analyzing Users Mouse Movement Efficiency,"Usability—the extent to which a system can be operated to achieve specified goals with effectiveness, efficiency, and satisfaction—is a hallmark of many successful systems. Identifying usability concerns with existing measures, however, can be problematic. We use biased competition theory (BCT) to explain how interfaces with low usability create attentional interference, which can be measured through mouse movement efficiency (MME). We test our hypotheses in four studies. Study 1 manipulates attentional interference and examines its influence on MME using eye tracking to validate BCT as an appropriate theoretical lens for our research. Study 2 manipulates usability and shows similar markers of attentional interference in MME on a website with two different populations. Study 3 is a field test that compares the reliability of MME in ranking the usability of different components of a commercial web application to rankings produced by a common perceptual measure of usability: perceived ease of use. Collaborating with a Fortune 100 software vendor, Study 4 further demonstrates the efficacy of MME in ranking the usability of various system components compared to a standard industry measure of usability across three different products. The results consistently show that MME can help identify usability differences among parts of systems. The results have implications for facilitating more efficient and temporally precise usability research and mass-deployable usability testing.",https://misq.umn.edu/behaviorally-measuring-usability-by-analyzing-users-mouse-movement-efficiency.html,MIS Quarterly
74,2024,TM-OKC: An Unsupervised Topic Model for Text in Online Knowledge Communities,"Online knowledge communities (OKCs), such as question-and-answer sites, have become increasingly popular venues for knowledge sharing. Accordingly, it is necessary for researchers and practitioners to develop effective and efficient text analysis tools to understand the massive amount of user-generated content (UGC) on OKCs. Unsupervised topic modeling has been widely adopted to extract human-interpretable latent topics embedded in texts. These identified topics can be further used in subsequent analysis and managerial practices. However, existing generic topic models that assume documents are independent are inappropriate for analyzing OKCs where structural relationships exist between questions and answers. Thus, a new method is needed to fill this research gap. In this study, we propose a new topic model specifically designed for the text in OKCs. We make three primary contributions to the research on topic modeling in this context. First, we build a general and flexible Bayesian framework to explicitly model structural and temporal dependencies among texts. Second, we statistically demonstrate the approximate model inference using mean-field and coordinate ascent algorithms. Third, we showcase the practical value and relative merit of our method via a specific downstream task (i.e., user profiling). The proposed model is illustrated using two real-world datasets from well-known OKCs (i.e., Stack Exchange and Quora), and extensive experiments demonstrate its superiority over several cutting-edge benchmarks.",https://misq.umn.edu/tm-okc-an-unsupervised-topic-model-for-text-in-online-knowledge-communities.html,MIS Quarterly
75,2024,"Timely, Granular, and Actionable: Designing a Social Listening Platform for Public Health 3.0","Every day, patients access and generate online health content through a variety of channels, creating an ever-expanding sea of digital data. At the same time, proponents of public health have recently called for timely, granular, and actionable data to address a range of public health issues, stressing the need for social listening platforms that can identify and compile this valuable data. Yet previous attempts at social listening in healthcare have yielded mixed results, largely because they have failed to incorporate sufficient context to understand the communications they seek to analyze. Guided by activity theory to design HealthSense, we propose a platform for efficiently sensing and gathering data across the web for real-time analysis to support public health outcomes. HealthSense couples theory-guided content analysis and graph propagation with graph neural networks (GNNs) to assess the relevance and credibility of information, as well as intelligently navigate the complex online channel landscape, leading to significant improvements over existing social listening tools. We demonstrate the value of our artifact in gathering information to support two exemplar public health tasks: (1) performing postmarket drug surveillance for adverse reactions and (2) addressing the opioid crisis by monitoring for potent synthetic opioids released into communities. Our results across data, user, and event experiments show that effective design artifacts can enable better outcomes across both automated and human decision-making contexts, making social listening for public health possible, practical, and valuable. Through our design process, we extend activity theory to address the complexities of modern online communication platforms, where information resides not only in the collection of individual communication activities but also in the complex network of interactions among them.",https://misq.umn.edu/timely-granular-and-actionable-designing-a-social-listening-platform-for-public-health-3-0.html,MIS Quarterly
76,2024,Does Sharing Make My Data More Insecure? An Empirical Study on Health Information Exchange and Data Breaches,"This paper examines the information security implications of hospitals participating in health information exchanges (HIE). While data security threats may increase when hospitals join HIEs to share data across organizational boundaries, HIEs institute “secure exchange” and promote security practices among participants. Due to these countervailing effects, it is unclear how joining an HIE affects hospitals’ data breach risk. This study seeks to understand the security implications of HIEs from the lens of governance and coordination. We compiled a panel dataset of more than 3,000 hospitals over six years. By leveraging different identification strategies, including difference-in-differences design, matching, and instrumental variables, we found that the likelihood of a hospital experiencing a data breach decreased by more than 35.37 % after joining an HIE. We further show that the effect was more pronounced among HIE member hospitals with more sophisticated clinical IT systems or after HIE security laws were enacted. We discuss the implications for research and practice.",https://misq.umn.edu/does-sharing-make-my-data-more-insecure-an-empirical-study-on-health-information-exchange-and-data-breaches.html,MIS Quarterly
77,2024,Disinformation Spillover: Uncovering the Ripple Effect of Bot-Assisted Fake Social Engagement on Public Attention,"Disinformation activities that aim to manipulate public opinion pose serious challenges to managing online platforms. One of the most widely used disinformation techniques is bot-assisted fake social engagement, which is used to falsely and quickly amplify the salience of information at scale. Based on agenda-setting theory, we hypothesize that bot-assisted fake social engagement boosts public attention in the manner intended by the manipulator. Leveraging a proven case of bot-assisted fake social engagement operation in a highly trafficked news portal, this study examines the impact of fake social engagement on the digital public’s news consumption, search activities, and political sentiment. For that purpose, we used ground-truth labels of the manipulator’s bot accounts, as well as real-time clickstream logs generated by ordinary public users. Results show that bot-assisted fake social engagement operations disproportionately increase the digital public’s attention to not only the topical domain of the manipulator’s interest (i.e., political news) but also to specific attributes of the topic (i.e., political keywords and sentiment) that align with the manipulator’s intention. We discuss managerial and policy implications for increasingly cluttered online platforms.",https://misq.umn.edu/disinformation-spillover-uncovering-the-ripple-effect-of-bot-assisted-fake-social-engagement-on-public-attention.html,MIS Quarterly
78,2024,The Effect of AI-Enabled Credit Scoring on Financial Inclusion: Evidence from an Underserved Population of over One Million,"We studied the effect of a major bank adopting an AI-enabled credit scoring model on financial inclusion as measured by changes to the approval rate, default rate, and utilization level of a personal loan product for an underserved population. The bank serves over 50 million customers and previously used a traditional rule-based model to evaluate the default risk of each loan application. It recently developed an AI model with a higher prediction accuracy of default risk and used the AI model and the traditional model together to assess loan applications for one of its personal loan products. Although the AI model may be more accurate in estimating default risk, little is known about its impact on financial inclusion. We investigated this question using a difference-in-differences approach by comparing changes in financial inclusion of the personal loan product that adopted the AI model to that of a similar personal loan product that did not adopt the AI model. We found that the AI model enhanced financial inclusion for the underserved population by simultaneously increasing the approval rate and reducing the default rate. Further analysis attributed the enhancement in financial inclusion to the use of weak signals (i.e., data not conventionally used to evaluate creditworthiness) by the AI model and its sophisticated machine learning algorithms. Our findings are consistent with statistical discrimination theory, as the use of weak signals and sophisticated machine learning algorithms improves prediction accuracy at the individual level, thus reducing the reliance on group characteristics that often lead to financial exclusion. We elaborated on the development process of the AI model to illustrate how and why the AI model can better evaluate members of underserved populations. We also found the impacts of the AI model to be heterogeneous across subgroups, and those with missing weak signals saw smaller improvements in the approval rate. A simulation-based analysis showed that simplified AI models were also able to increase the approval rate and reduce the default rate for this population. Our findings provide rich theoretical and practical implications for social justice by documenting how an AI model designed for improving prediction accuracy can enhance financial inclusion.",https://misq.umn.edu/the-effect-of-ai-enabled-credit-scoring-on-financial-inclusion-evidence-from-one-million-underserved-population.html,MIS Quarterly
79,2024,Designing Digital Platforms for Social Justice: Empowering End Users Through the Dataswyft Platform,"Digital platforms have radically transformed how we work, shop, and socialize. Despite their numerous benefits, they may also threaten social justice due to unforeseen consequences of specific design choices, preventing end users from participating equitably in the digital economy. As platform owners compete by leveraging personal data, it remains unclear how digital platforms can be designed to empower end users to control, legally own, and benefit from their data in a privacy-preserving way. Integrating design science research with heuristic theorizing, this study proposes a design theory for end user-centric digital platforms. We derive design theory components from over nine years of data regarding the Dataswyft platform, including five meta-requirements and eight design principles. They reveal how digital platforms can be designed for social justice by empowering end users, both technically and legally, to protect and control their data through a containerized microservice platform infrastructure. This platform design includes multiple data protection layers, end user-driven data collection, reconfiguration, and exchange functionalities, safeguarding mechanisms, and semi-centralized ecosystem governance structures. By evaluating an expository instantiation of the proposed design principles, we demonstrate the applicability and utility of our design theory, paving the way for data self-sovereignty and social sustainability.",https://misq.umn.edu/designing-digital-platforms-for-social-justice-empowering-end-users-through-the-dataswyft-platform.html,MIS Quarterly
80,2024,Technology-Centric Contestation over Symbolic and Social Boundaries: The Social Justice Implications of COVID-19 Contact Tracing Technologies,"Information Systems (IS) can amplify or reduce social justice by limiting or expanding access to material and non-material resources. Using the lens of symbolic and social boundaries, we focus on the role of cultural discourse in demarcating and contesting boundaries associated with IS design and adoption. We examine news media-based journalistic discourse surrounding contact tracing systems implemented in South Korea and Singapore during the COVID-19 pandemic to develop a process model of technology-centric contestation. We found that public contestation over competing societal values, including public health, individual rights, and social justice, influenced how contact tracing systems were adopted and redesigned. Through the (re)design and adoption actions, symbolic and social boundaries were demarcated and contested. Our study illustrates the critical role of news media in counteracting the consequences of IS design and adoption decisions that limit access to resources for marginalized social groups.",https://misq.umn.edu/technology-centric-contestation-over-symbolic-and-social-boundaries-the-social-justice-implications-of-covid-19-contact-tracing-technologies.html,MIS Quarterly
81,2024,Do Black Fintechs Matter? The Long and Winding Road to Develop Inclusive Algorithms for Social Justice,"Racism in the financial sector is a complex global phenomenon involving intertwined social, economic, and digital systems. Credit denial rates for Black applicants suggest that financial systems have assimilated racial discrimination into their algorithms and credit scoring tools. Considering that digital tools incorporate their developers’ life experiences and perspectives, and in view of the low representation of the Black community in the digital startup universe, it is evident that even well-meaning fintechs are reproducing racial bias in their technology-intensive business models. In this paper, we investigate how three Black-owned Brazilian fintechs design and use inclusive algorithms to decrease persistent social injustice involving racial financial inclusion. We combine the concept of sociotechnical reconfiguration, taken from the South American tradition of “tecnologia social” (social technology), with the three core concepts of Nancy Fraser’s theory of social justice—representation, recognition, and redistribution—to analyze the process by which Black-owned fintechs develop their particular solutions for combating racial bias. We found that pressured by the need to be profitable, the lack of capital to develop their own credit scoring tools, and the low profile maintained by the Black community ecosystem, Black-owned fintechs focus on a sort of affirmative experimentation to gradually create original digital solutions aimed at achieving social justice in the financial system.",https://misq.umn.edu/do-black-fintechs-matter-the-long-and-winding-road-to-develop-inclusive-algorithms-for-social-justice.html,MIS Quarterly
82,2024,Exclusion for Public Safety or Inclusion for Gig Employment: Managing the Tension with a Trilogy of Guardians,"Gig platforms seek to create income opportunities, particularly for socially and economically marginalized people who find it challenging to engage in regular employment. Alongside this empowerment, safety concerns over unregulated drivers for transportation network company (TNC) platforms such as Uber and Lyft have led to discourse among policymakers on the necessity of background check laws (BCLs) with different stringency to exclude individuals from TNC jobs. Drawing on theories of labeling, routine activity, and rational choice theory, we conceptualize a trilogy of guardians—the government, TNC platforms, and the community—to safeguard ridesharing while mitigating the social costs of excluding marginalized citizens from TNC jobs. Empirically, we document the shifting of crimes into the property domain as an unintended consequence of the exclusion solution (i.e., BCLs by the government). Our findings indicate that digital safety technologies deployed by TNC platforms to deter crimes (i.e., in-app safety features) can serve as an alternative to BCLs. Moreover, we show that resources provided by the community can inhibit the negative impacts of exclusion by stringent BCL (i.e., through alternative income sources) and enable the effectiveness of deterrence by in-app safety features (i.e., through policing). Our study surfaces a holistic social justice assessment that involves examining the risks of excluding marginalized individuals from gig work and showing that digital technologies expand the solution space to achieve the public safety of citizens and inclusivity in gig employment through enabling the role of each guardian as well as their interdependence.",https://misq.umn.edu/exclusion-for-public-safety-or-inclusion-for-gig-employment-managing-the-tension-with-a-trilogy-of-guardians.html,MIS Quarterly
83,2024,Beyond Categories: A Flow-Oriented Approach to Social Justice on Online Labour Platforms,"Online labor platforms (OLP) are transforming long-established employment relations, raising questions for researchers and policymakers alike as to the social justice implications of this increasingly pervasive, algorithmic, and platform-mediated form of work. In investigating this issue, this paper makes a case for complementing current category-based approaches to social justice, prevalent in literature and policy on OLPs, with a flow-oriented approach that recognizes the diversity of gig work trajectories when it comes to the situated enactment of social (in)justice. Inspired by the recent work of Tim Ingold and building upon seminal work on social justice by Rawls and Sen, we develop a synthetic framework for revealing the social justice implications of OLPs, in terms of the enactment of opportunities and/or barriers, from three perspectives: access to resources, capabilities to function, and correspondences with flows. The latter perspective temporally reinterprets the former two and offers a processual flow-oriented approach to social justice. We further substantiate and showcase the added value of our approach through an empirical investigation of different gig work stories on the Amazon Mechanical Turk (MTurk) platform and discuss how our flow-oriented approach leads to revealing social justice implications not foregrounded through other approaches. Specifically, we develop three flow-oriented social justice tests that can be applied in various OLP contexts to assess their social justice implications. Finally, we derive remedial design and policy principles that can serve to reshape dialogue about social justice on OLPs, both theoretically and practically, in a manner that is more relevant and responsive to the fluid and evolving realities faced by gig workers.",https://misq.umn.edu/beyond-categories-a-flow-oriented-approach-to-social-justice-on-online-labour-platforms.html,MIS Quarterly
84,2024,When Justice is Blind to Algorithms: Multilayered Blackboxing of Algorithmic Decision Making in the Public Sector,"Both research and public discourse have recently drawn attention to the downsides of algorithmic decision-making (ADM), highlighting how it can produce biased and discriminatory outcomes and also pose threats to social justice. We address such threats that emanate from but also go beyond algorithms per se, extending to how public agencies and legal institutions respond or fail to respond to the consequences of ADM. Drawing on a case study of the use of an ADM system in public school administration, we explore the practices through which public institutions avoided engagement with the detrimental consequences of ADM, leading to injustice. We provide a conceptual model outlining how organizational ignoring practices can lead to social and institutional blackboxing of an ADM system, engendering both social and legal injustice. Our work paves the way for interdisciplinary research on the multilayered blackboxing of ADM. We also extend algorithmic injustice research to include a legal dimension and provide practical implications in the form of a legal framework for ADM in the public sector.",https://misq.umn.edu/when-justice-is-blind-to-algorithms-multilayered-blackboxing-of-algorithmic-decision-making-in-the-public-sector.html,MIS Quarterly
85,2024,"Recognition in Personal Data: Data Warping, Recognition Concessions, and Social Justice","Data-related harm and injustice are commonly viewed through instrumental, procedural, distributional, or representational theories of social justice. These theories do not account for the social injustice that occurs through the lack of recognition of individuals when data are first conceptualized. We explore recognition of individuals in data conceptualization by drawing from information systems (IS) literature on data artifacts that acknowledges the fact that data are comprised of semantics and formats. Guided by recognition theory, we studied a project to expand sexual orientation and gender identity (SOGI) data collection at a public, U.S.-based LGBTQ+ -welcoming university. We found that while the actors involved worked towards recognizing in SOGI data the fact that identities are layered, non-binary, plural, and fluid, the data themselves still misrecognized individuals due to data warping. We argue that data warping occurs because of recognition concessions between social recognition through data semantics and systems recognition through data formats. Such concessions are both necessary for some recognition but accessory to misrecognition. Our findings have implications for recognition theory, data justice, and information systems research, as well as for personal data in practice.",https://misq.umn.edu/recognition-in-personal-data-data-warping-recognition-concessions-and-social-justice.html,MIS Quarterly
86,2024,An Integrative Perspective on Algorithm Aversion and Appreciation in Decision-Making,"People have conflicting responses for support from algorithms or humans in decision-making. On the one hand, they fail to benefit from algorithms due to algorithm aversion, as they reject decisions provided by algorithms more frequently than those made by humans. On the other hand, many prefer algorithmic over human advice, an effect of algorithm appreciation. However, currently, we lack a shared understanding of these constructs’ meaning and measurements, resulting in a lack of theoretical integration of empirical findings. Thus, in this research note, we conceptualize algorithm aversion as the preference for humans over algorithms in decision-making and analyze approaches in current research to measure this preference. First, we outline the implications of focusing on a specific understanding of algorithms as computational procedures or as embedded in material or nonmaterial objects. Then, we classify four decision configurations that distinguish individuals’ evaluations of algorithms, human advisors, their own judgments, or combinations of these. Consequently, we develop a classification scheme that provides guidance for future research to develop more specific hypotheses on the direction of preferences (aversion vs. appreciation) and the effect of moderators.",https://misq.umn.edu/an-integrative-perspective-on-algorithm-aversion-and-appreciation-in-decision-making.html,MIS Quarterly
87,2024,Peer Influence in the Workplace: Evidence from an Enterprise Digital Platform,"We investigate how the sharing of peer success on an enterprise digital platform influences other workers’ work effort. We focus on one important advantage that organizations gain from using digital platforms—the ability to regulate the content of the messages by incorporating various elements about peers. Specifically, we examined two types of peer success messages: messages that highlight a peer’s effort (i.e., effort-focused success messages) and messages that highlight a peer’s ability (i.e., ability-focused success messages). Using data from a group of sales workers in an information technology service company, as well as an experiment with online participants, we found that both ability-focused success messages and effort-focused success messages can motivate workers to work harder, although we observed important heterogeneity in the responses. In particular, workers’ responses to effort-focused messages remained strong regardless of social distance between the worker and the peer. In contrast, workers’ response to ability-focused messages was stronger when the messages praised the ability of peers who were socially close but not that of peers who were socially distant.",https://misq.umn.edu/peer-influence-in-the-workplace-evidence-from-an-enterprise-digital-platform.html,MIS Quarterly
88,2024,"Price, Piracy, and Search: Which Pirates Respond to Changes in the Legal Price?","Prior research suggests that high prices may motivate the decision to pirate entertainment goods. We analyzed a natural experiment that decreased the tax rate, and hence also the net prices of e-books, by 14% in Ireland while several other European countries were not affected. Using country-specific data on piracy visits, we found that this price decrease caused only a small and statistically insignificant decrease in total e-book piracy visits. However, we further decomposed piracy visits into those of direct pirates, who navigated directly to piracy sites, and indirect pirates, who searched to find piracy sites. The 14% price decrease caused no change in direct piracy visits but caused a statistically significant 27% decrease in indirect piracy visits. These findings align with prior research suggesting that search can play an important role in piracy, but only for some pirates. Our results demonstrate the potential of using price to mitigate piracy, but they also highlight the challenges firms face in competing with piracy for experienced pirates. We conclude by detailing both the policy and managerial implications of our work.",https://misq.umn.edu/price-piracy-and-search-which-pirates-respond-to-changes-in-the-legal-price.html,MIS Quarterly
89,2024,"United We Stand, Divided We Fall: An Autogenic Perspective on Empowering Cybersecurity in Organizations","Cybersecurity groups navigate complex, challenging environments in their mission to protect their organizations. They experience uncertainty from adaptive threats from external attackers and unpredictable stakeholders. Under such volatility, business groups operate best when they are psychologically empowered. Recognizing the potential for empowerment to reduce organizational risk, we sought to learn how cybersecurity groups come to be (dis)empowered and how this (dis)empowerment is sustained. Instead of the conventional view of the empowerment process as designed, we advance an emergent view of the empowerment process. We abductively surface this process from our case analyses of 15 U.S. organizations. We offer three insights: First, organizations with empowered cybersecurity groups enjoy an enhanced level of protection from breaches. Second, we highlight generative rules through which groups become empowered—via their bridging initiatives that co-opt stakeholders into security behaviors and stakeholder responsiveness to bridging, rather than unilaterally applied buffering initiatives. Third, we highlight reinforcing rules through which empowered states persist—via the group’s ability to safeguard organizational information assets, thereby ensuring cybersecurity group viability, continued bridging, and motivated stakeholder responsiveness. For practitioners, our study underscores the interdependence between cybersecurity groups and their stakeholders in securing an organization and posits processes for empowering cybersecurity groups.",https://misq.umn.edu/united-we-stand-divided-we-fall-an-autogenic-perspective-on-empowering-cybersecurity-in-organizations.html,MIS Quarterly
90,2024,Privacy Breaches and the Effect of Customer Notification,"Laws requiring firms to disclose privacy breaches to their customers have been adopted extensively worldwide. However, the manner in which these laws affect the security protection behavior of firms disclosing a data breach is poorly understood. To shed light on this issue, we leveraged institutional theory and examined how U.S. state data breach notification laws (DBNLs), under which firms must notify customers of personal information breaches, influenced firm-level incidence of security breaches and how such influence manifested heterogeneously across firms. Exploiting the staggered enactments of DBNLs in a difference-in-differences analysis, we found that firms experienced a significant reduction in data breach incidents after the implementation of DBNLs. This effect was more pronounced among firms that were more reliant on sensitive customer data, operated in stricter privacy protection environments, or held more intangible and digital assets. We document evidence that compared to firms not subject to DBNLs, firms subject to these laws are more likely to appoint IT-specialized executives and remediate IT-related internal control weaknesses, which suggests potential channels that may facilitate DBNLs’ curbing of data breaches. We also found that the reduction in breach incidences following DBNL-mandated disclosure policies relates to both endogenous breaches and exogenous cyberattacks.",https://misq.umn.edu/privacy-breaches-and-the-effect-of-customer-notification.html,MIS Quarterly
91,2024,Automated Analysis of Changes in Privacy Policies: A Structured Self-Attentive Sentence Embedding Approach,"The increasing societal concern for consumer information privacy has led to the enforcement of privacy regulations worldwide. In an effort to adhere to privacy regulations such as the General Data Protection Regulation (GDPR), many companies’ privacy policies have become increasingly lengthy and complex. In this study, we adopted the computational design science paradigm to design a novel privacy policy evolution analytics framework to help identify how companies change and present their privacy policies based on privacy regulations. The framework includes a self-attentive annotation system (SAAS) that automatically annotates paragraph-length segments in privacy policies to help stakeholders identify data practices of interest for further investigation. We rigorously evaluated SAAS against state-of-the-art machine learning (ML) and deep learning (DL)-based methods on a well-established privacy policy dataset, OPP-115. SAAS outperformed conventional ML and DL models in terms of F1-score by statistically significant margins. We demonstrate the proposed framework’s practical utility with an in-depth case study of GDPR’s impact on Amazon’s privacy policies. The case study results indicate that Amazon’s post-GDPR privacy policy potentially violates a fundamental principle of GDPR by causing consumers to exert more effort to find information about first-party data collection. Given the increasing importance of consumer information privacy, the proposed framework has important implications for regulators and companies. We discuss several design principles followed by the SAAS that can help guide future design science-based e-commerce, health, and privacy research.",https://misq.umn.edu/automated-analysis-of-changes-in-privacy-policies-a-structured-self-attentive-sentence-embedding-approach.html,MIS Quarterly
92,2024,Do Technology Resources Influence Income Mobility? The Role of Regional and Caste Spillovers from Computer Ownership,"How do technology resources such as ownership of computers help create equality of opportunity and income mobility? This is an important question because opportunity constraint, or the lack of opportunity equality, often manifests in low income mobility in many countries. This study addresses this question by examining the spillover effects of computer ownership of households in influencing household income mobility considering spatial proximity and social proximity. Drawing on our primary theoretical lens of knowledge spillovers, we hypothesize that a household experiences upward income mobility due to increased computer ownership among other households in spatial proximity in the region. Further, drawing on social capital theory, we hypothesize that a household experiences higher upward mobility due to increased computer ownership among other households in the region that are socially proximate or of the same caste as the focal household. Our empirical analysis of data from over 32,000 households across all states in India from two waves of Indian Human Development Survey (IHDS) in 2005 and 2011 conducted by National Council of Applied Economic Research in collaboration with University of Maryland (Desai & Vanneman, 2016; Desai et al., 2016) supports our hypotheses. Our exploratory analyses suggest that households in regions with high social harmony experience higher upward income mobility from increased computer ownership of other households in the region. We also find that increased computer ownership of other households in the region helps households of disadvantaged castes overcome their low income mobility. This study contributes by using the lens of spillovers bounded by social capital to show how the returns to computer ownership in terms of household upward income mobility go beyond private returns and spillover to other households in spatial proximity, particularly to households of the same caste with whom they enjoy social proximity. A key implication for policymakers that seek to foster equality of opportunity from technology resources is to create social harmony as a lever for facilitating income mobility, instead of a sole focus on technology resources alone.",https://misq.umn.edu/do-technology-resources-influence-income-mobility-the-role-of-regional-and-caste-spillovers-from-computer-ownership.html,MIS Quarterly
93,2024,Discursive Modulation in Open Source Software: How Online Communities Shape Novelty and Complexity,"We study the development of two open source software (OSS) web frameworks to understand how OSS communities shape software novelty and complexity in the absence of strong organizational hierarchies. We examine how projects engage in distinct “discursive modulation practices” to imprint the community’s shared core doctrines and design principles onto the software thereby shaping its novelty and complexity. We borrow the concept of modulation from audio synthesis to explain how a preexisting signal—in our case, the ongoing community discourse—is modulated to produce varying sounds—in our case, the novelty and complexity of the software. The concept of modulation offers a lens to understand how emergent, community-wide development activities are influenced by filtering discursive positions and mixing those positions, thereby shaping the artifact’s novelty and complexity. Our research shows that the modulation of novelty exhibits a range from “proximal” to “distal” searches for new features, while the modulation of complexity varies between “integration” and “deprecation.” By drawing on these concepts, we formulate a theory that explains how modulation results in alternative OSS community approaches to shaping software novelty and complexity and how this process reflects and is reflected in the resulting software artifact.",https://misq.umn.edu/discursive-modulation-in-open-source-software-how-online-communities-shape-novelty-and-complexity.html,MIS Quarterly
94,2024,"Interleaved Design for E-learning: Theory, Design, and Empirical Findings","The rapid development of e-learning has drawn increasing attention to the issue of how learners’ learning activities can be better structured using technologies. This study focuses on how to improve e-learning performance by optimizing the structuring of learning sessions from the perspective of interleaving (i.e., mixing different topics in a learning session). Following the design science paradigm, this study chooses cognitive load theory as the kernel theory and proposes a new interleaving design — related-interleaving — that populates an interleaved session with related topics as a way of reducing cognitive load during an interleaved session. Drawing on the theoretical predictions, we design and instantiate a personalized learning system with the related-interleaving strategy by fusing educational strategies and machine learning techniques. The results from a two-month field experiment confirm that related-interleaving outperforms non-interleaving and unrelated-interleaving. Our findings also reveal that compared with unrelated-interleaving, related-interleaving benefits weak learners more and thus helps reduce learning performance disparities. This study demonstrates how personalized e-learning systems can be further improved from the perspective of interleaving.",https://misq.umn.edu/interleaved-design-for-e-learning-theory-design-and-empirical-findings.html,MIS Quarterly
95,2024,Mutual Disclosures and Content Intimacy in User Engagement: Evidence from an Online Chat Group,"This paper investigates the role of self-disclosure in online chat groups (OCGs), which serve as a communication channel situated between public platforms and private live chats. Our investigation delves into the effects of mutual disclosures, originating from other members and focal users, on user engagement in terms of promptness, positivity, and effort. We also explore the disclosure content and the interplay between mutual disclosures regarding consistency in content intimacy. Using data from a retailer who utilizes OCGs for customer services, our findings reveal that mutual disclosures are positively associated with user engagement through the mechanism of liking and uncover multifaceted influences from content intimacy consistency between mutual disclosures. The results are further verified by a controlled experiment and various robustness tests. Moreover, our study differentiates and discusses the roles of group hosts and peer users in facilitating OCG engagement. This research broadens our understanding of how self-related information exchange in online group conversations promotes meaningful engagement. Our fine-grained analysis of disclosure interactions provides clear guidance for firms to strategically manage customer relationships through OCGs and sheds new light on conversational commerce.",https://misq.umn.edu/mutual-disclosures-and-content-intimacy-in-user-engagement-evidence-from-an-online-chat-group.html,MIS Quarterly
96,2024,Trusting and Working with Robots: A Relational Demography Theory of Preference for Robotic over Human Co-Workers,"Organizations are facing the new challenge of integrating humans and robots into one cohesive workforce. Relational demography theory (RDT) explains the impact of dissimilarities on when and why humans trust and prefer to work with others. This paper proposes RDT as a useful lens to help organizations understand how to integrate humans and robots into a cohesive workforce. We offer a research model based on RDT and examine dissimilarities in gender and co-worker type (human vs. robot) along with dissimilarities in work style and personality. To empirically examine the research model, we conducted two experiments with 347 and 422 warehouse workers, respectively. The results suggest that the negative impacts of gender, work style, and personality dissimilarities on swift trust depend on the co-worker type. In our experiments, gender dissimilarity had a stronger negative impact on swift trust in a robot co-worker, while work style and personality had a weaker negative impact on swift trust in a robot co-worker. Also, swift trust in a robot co-worker increased the preference for a robot co-worker over a human co-worker, while swift trust in a human co-worker decreased such preferences. Overall, this research contributes to our current understanding of human-robot collaboration by identifying the importance of dissimilarity from the perspective of RDT.",https://misq.umn.edu/trusting-and-working-with-robots-a-relational-demography-theory-of-preference-for-robotic-over-human-co-workers.html,MIS Quarterly
97,2025,Everyday Metaverse: The Metaverse as an Integral Part of Everyday Life,"This paper explores a paradigm shift from viewing the Metaverse as a distinct digital world to viewing the Metaverse as an integral part of everyday life, termed the “Everyday Metaverse.” Previous research on the traditional paradigm falls short of capturing the essence of the emerging paradigm, limiting both scholarly understanding and practical engagement. Through an interpretive case study method, this research investigates the design process of a hybrid city project that strived to integrate Metaverse technologies into the daily lives of its inhabitants. The research identifies vital processual mechanisms in designing the Everyday Metaverse, which involves expanding the digital world to encompass possible physical entities and events and establishing its relevance to life. The findings contribute a new theoretical framework for future research and practice to understand the Everyday Metaverse better.",https://www.jmis-web.org/articles/1704,Journal of Management Information Systems
98,2025,Omnichannel in Healthcare? Offline-to-Online Spillover Effects and Implications for Telemedicine in Treating Chronic Patients,"Despite an annual healthcare expenditure of over $4.1 trillion dollars on chronic patients in the United States alone, chronic diseases remain the leading causes of death and rising healthcare costs. With the potential benefits of online telemedicine consultation, we ask what value omnichannel integration—business approaches that use various channels synergistically to maximize customer value—might provide to healthcare for individual patients with chronic diseases. While new patients may have a lack of experience with telemedicine consultation, existing patients are familiar with the service on telemedicine platforms. How would this difference between new and existing patients affect their preferences for physicians’ channel strategies differently? Through a multi-method empirical approach including a preliminary survey study, econometric analyses of a 51 months’ panel dataset from a prominent healthcare platform in China, rigorous testing using various alternative measures and econometric specifications, and a descriptive analysis of two distinct patient journeys through channels, we consistently observed a strong and positive effect of physicians’ adoption of omnichannel integration on the selection of such physicians for paid online consultations by the platform’s new patients. Meanwhile, this effect among the existing patients of the telemedicine platform is much weaker. These findings are helpful for all healthcare stakeholders, including patients, physicians, hospitals, healthcare platforms, and policymakers.",https://www.jmis-web.org/articles/1703,Journal of Management Information Systems
99,2025,Foundations of Decentralized Metaverse Economies: Converging Physical and Virtual Realities,"Decentralized metaverse economies leverage blockchain cryptocurrency and asset tokens to enhance the concepts of digital ownership and scarcity, uniquely combining aspects of real, virtual, and blockchain economies. This study applies and extends token adoption and valuation theory to conceptualize and empirically analyze the dynamics in decentralized metaverse economies. We analyze over 4.5 million blockchain transactions from two blockchains across two years in the “The Sandbox” metaverse using vector autoregressive models. Our findings reveal complex dynamics among exchange rates, economic actors, and their activity, highlighting the exchange rate’s central role in fostering growth, particularly regarding creating scarce digital assets. The results provide insights for designing and regulating decentralized metaverse economies and offer a novel conceptual framework for understanding these emerging information systems. Our research contributes to the literature by bridging economic theories with the technological realities of blockchain-based metaverses, providing a foundation for future studies on the convergence of real and virtual economies in the metaverse.",https://www.jmis-web.org/articles/1702,Journal of Management Information Systems
100,2025,Working from the Metaverse: A Distraction Management Perspective,"The innovative potential of the Metaverse for knowledge work has mostly been explored in terms of its ability to enhance remote collaboration. However, this paper takes a distraction management perspective and presents findings from a qualitative study where knowledge workers performed solo tasks using an immersive Metaverse application. We posit that knowledge workers can proactively shield themselves from common distractions in collaborative, private, or public spaces by clearly separating their virtual workplace from their physical environment. However, Metaverse applications may also introduce new sources of distraction, requiring knowledge workers to be aware of and able to customize technology affordances to optimize work outcomes. These findings inform a theoretical model of virtual workplace distraction management, emphasizing that we should harness its potential to augment, transform, or replace conventional work environments rather than recreating traditional corporate offices in the Metaverse and their common distractions.",https://www.jmis-web.org/articles/1701,Journal of Management Information Systems
101,2025,How the Metaverse is Reshaping Multichannel Retail Through Balancing Complementarity and Substitution,"Although the metaverse can offer a fusion of physical and virtual shopping experiences, there is no consensus on how multichannel retailers can capitalize on this trend by adopting extended reality (XR) online portals. Therefore, we seek to investigate the dynamic influence of XR adoption on offline store performance from the perspective of multichannel retailers. The current study also considers the boundary conditions of the XR type and offline store density. We examined 667 multichannel retailers, with data sources combining online and offline information from 2019 to 2022, resulting in 11,643 monthly retailer-level observations. Applying staggered difference-in-differences models reveals that XR adoption dynamically affects offline store transactions. Furthermore, the effects of XR vary across XR type and offline store density. We aim to provide management implications for multichannel retailers wishing to optimize their channel structures by adopting XR while jumping into the metaverse.",https://www.jmis-web.org/articles/1700,Journal of Management Information Systems
102,2025,Value Drivers for Metaverse Business Models: A Complementor Perspective,"The Metaverse has emerged as a prominent topic of discussion within the technology industry, presenting a wide array of opportunities for value creation across various businesses. Nevertheless, its value potential remains uncertain due to its early development stage. Our research analyzes 29 cases to address this gap and identify key value drivers for business models of complementors in Metaverse ecosystems. We identified five primary Metaverse-enabled value drivers for complementors (immersive customer engagement, massively scaled user innovation, virtual business efficiency, digital exclusivity, and extended ecosystem collaboration.). We illustrate how these drivers enhance those of ebusiness models, exploring their broader implications for business model innovation and value creation. Our findings provide valuable insights into value-creation opportunities that companies can leverage in the Metaverse, contributing to a better understanding of fundamental value drivers and enabling businesses to navigate this emerging landscape more effectively.",https://www.jmis-web.org/articles/1699,Journal of Management Information Systems
103,2025,Modeling and Interpreting the Propagation Influence of Neighbor Information in Time-Variant Networks with Exemplification by Financial Risk Prediction,"Extracting effective features from dynamic networks underpins the development of network-based artificial intelligence (AI) methods and decision support systems. Despite existing methods for constructing network features, a notable gap exists in addressing the propagation influence of direct and indirect neighbors. Given the sparse and interacting nature of neighbor information as well as the requirements of interpretability, modeling neighbor influence presents an essential yet challenging research problem. To tackle this challenge, we propose a novel Time-vAriant Graph Contrastive Learning method (TAGOL). TAGOL seeks to improve both the effectiveness and interpretability of constructing features related to the propagation influence by explicitly modeling sparse and interacting neighbor information in time-variant networks. We perform a comprehensive evaluation of the proposed method through two case studies: credit risk prediction and financial distress prediction. Experimental results demonstrate the efficacy of TAGOL and shed light on the varied influences of the joint propagation of interacting neighbor information on financial risk prediction. The proposed TAGOL and experimental findings offer generalizable methodological and theoretical insights, which can contribute to a broader spectrum of network-related research endeavors, such as short video recommendation systems and transit flow prediction.",https://www.jmis-web.org/articles/1698,Journal of Management Information Systems
104,2025,Exploring the New Playing Field: The Input-Output Principle of Meta-Sports,"Meta-sports, which involve replicating sports in immersive virtual environments, represent a highly developed aspect of the future Metaverse. This study adopts a distributive justice lens to explore how athletes perceive the input-output principle underlying meta-sports platforms and evaluate the fairness of meta-sports competitions. Through a comparative mixed-methods study using nested data from the German Virtual Cycling Bundesliga at two time points, we find that individuals have dynamic information needs when forming transparency perceptions. These perceptions influence how they evaluate the distributive justice of meta-sports. Furthermore, our results suggest that justice perceptions influence an individual’s intention to continue participating, fully mediated by the perceived relevance of the competition. These findings enhance our understanding of Metaverse adoption and emphasize the importance of transparency when replicating physical-world competitions in virtual environments. Based on these results, we propose high-level design principles for future meta-sports platforms and other Metaverse applications relying on similar input-output principles.",https://www.jmis-web.org/articles/1697,Journal of Management Information Systems
105,2025,Demystifying the Dimensions and Roles of Metaverse Gaming Experience Value: A Multi-Study Investigation,"Understanding metaverse gaming experience value (MGEV) is crucial for the success of metaverse games. However, prior research lacks context-specific theoretical knowledge of MGEV dimensions, roles, and practical guidance for enhancing player experience value. To address this gap, we conducted an abductive, multi-study investigation to develop a multi-dimensional typology of MGEV, demonstrate its nomological validity, and propose a player-centered approach for its investigation. First, we performed qualitative manual coding of online reviews to identify six MGEV dimensions. We developed a two-axis typology that categorizes these dimensions by motivation- (intrinsic vs. extrinsic) and activeness-focused (active vs. reactive) perspectives. Second, we developed a deep-learning classification model to automate coding and create a panel dataset. We validated the relationships between MGEV dimensions and players’ word-of-mouth (WOM) by analyzing the panel dataset. Third, we applied a player-centered approach with cluster analysis to the coded data. We uncovered three player groups with distinct MGEV profiles (i.e. intrinsic value-dominated, extrinsic value-dominated, and active value-insensitive), metaverse gaming participation characteristics, and WOM. This paper identifies the context-specific and fine-grained dimensions of MGEV, establishes a valid MGEV framework, and reveals distinct player groups with unique MGEV profiles.",https://www.jmis-web.org/articles/1696,Journal of Management Information Systems
106,2025,Special Issue: Fostering the Design and Governance of the Metaverse - Long Live the Metaverse: Identifying the Potential for Market Disruption and Future Research,"Paul Benjamin Lowry (Paul.Lowry.PhD@gmail.com; corresponding author) is an Eminent Scholar and the Suzanne Parker Thornhill Chair Professor in Business Information Technology at the Pamplin College of Business, Virginia Tech, where he serves as the BIT PhD and Graduate Programs Director. He is an AIS Fellow, and a member of the AIS College of Senior Scholars and the AIS College of Academic Leadership. He is a former tenured Full Professor at City University of Hong Kong and The University of Hong Kong. He received his Ph.D. in Management Information Systems from the University of Arizona and an MBA from the Marriott School of Business. He has published 300+ publications, including 170+ journal articles in the Journal of Management Information Systems (JMIS), Information Systems Research (ISR), MIS Quarterly (MISQ), Journal of the Association for Information Systems (JAIS), Information Systems Journal (ISJ), European Journal of Information Systems, Journal of Strategic Information Systems, Journal of Information Technology, Decision Sciences Journal (DSJ), various IEEE Transactions, and others. He is on the senior board of editors at JMIS. He is on the senior board of editors at the JMIS. He also is an SE at ISJ and an AE at ISR. His research interests include (1) organizational and behavioral security and privacy; (2) online deviance, online harassment, and computer ethics; (3) HCI, social media, and gamification; and (4) business analytics, decision sciences, innovation, and supply chains.",https://www.jmis-web.org/articles/1695,Journal of Management Information Systems
107,2024,Effect of Gender on Willingness to Bid for Competitive and Uncertain Information Technology Work,"Are women more likely to shy away from competitive and uncertain environments when considering information technology (IT)-related work options, relative to men? Does gender play a role in the propensity to participate in the marketplace for competitive and uncertain work? The response to this has implications for understanding the participation rate of women within the IT sector, as well as for setting policy aimed at increasing the number of women in the IT industry. Addressing this question using data from organizations is difficult, given the presence of organizational and institutional confounds. In this paper, we investigate this research question through a series of lab experiments using three sets of suitable subjects: graduate students in Information Systems and Business Analytics programs, MTurk, and Prolific respondents with IT backgrounds. Using the experimental context of a competitive online labor market, we study how competition and wage uncertainty affect the decision to bid for a project as well as the wage expectations across gender. Our results across three studies show that (a) women are more likely to bid for projects with higher coordination needs: navigating, communicating across, and managing multiple domains, technological, functional, and geographical boundaries; and (b) women are also more likely to bid when there is higher competition. Our work contributes to a deeper understanding of the role of gender, competitiveness, and uncertainty within the IT industry, and informs managers and policymakers regarding the intrinsic preferences of early-stage IT professionals.",https://www.jmis-web.org/articles/1693,Journal of Management Information Systems
108,2024,How to Translate Firm-Generated Content to Sales? Evidence from Online Healthcare Platforms,"Firm-generated content (FGC) is increasingly popular in practice, yet the mechanisms underlying its effects on sales, particularly in specialized contexts such as online healthcare, remain underexplored. This study investigates the effects of FGC on sales, the mediating role of user-generated content (UGC) characteristics, and the moderation effects of contextual factors in online healthcare platforms. Grounded in the uses and gratifications theory, we hypothesize how FGC influences sales volume and explore the potential mediation roles of UGC length as well as affective, cognitive, and social content in UGC. A key empirical tension arises from understanding whether FGC directly and completely drives sales or whether its impact is partially mediated through UGC characteristics. We employ counterfactual estimators to assess the impact of FGC on sales. We then examine how UGC characteristics (affective, cognitive, and social), as mediators, help explain the main relationship. Next, we perform a series of moderation analyses and explore the contextual characteristics in translating FGC to sales. Our results show that FGC increases the volume of sales, partially through its influence on UGC pathways. Specifically, FGC increases the length of UGC, reduces affective UGC, and increases social UGC. The length of UGC serves as an important mediator between FGC and sales. Meanwhile, affective UGC and social UGC capture significant mediating effects on the relationship between FGC and sales, while cognitive UGC does not mediate the relationship between FGC and sales. Furthermore, we observe several moderating factors: the effects of FGC are stronger for medical institutions that are privately owned, located in smaller cities, and have fewer doctors. Our findings demonstrate that the impact of FGC is shaped not only by UGC characteristics but also by institutional factors such as ownership, location, and size. This work contributes to the literature on FGC by offering novel insights into the UGC-related mechanisms through which FGC influences sales in online healthcare platforms. It also provides practical implications on the role of digital content characteristics in consumer decision-making, especially in high-stakes situations such as healthcare.",https://www.jmis-web.org/articles/1692,Journal of Management Information Systems
109,2024,Driving the Innovation Race: Effect of Competitiveness in Crowdsourcing Contest,"Given the imperative to innovate and stay ahead of their competition, organizations—called “seekers”—increasingly rely on the “wisdom of the crowds” to gain business insight. Motivated by monetary incentives, the desire to learn and the opportunity to enhance their reputation, “solvers” from the crowd participate in contests hosted by such seekers on crowdsourcing platforms. While the collective intelligence of the crowd is widely acknowledged to yield a diverse range of innovative solutions, the impact of the factors evoking contest competitiveness on the quality of these solutions remains unclear. Specifically, how competitiveness engendered by the interplay among the contest situational factors such as the nature of the contest’s economic incentives, the number of solving teams involved, their proximities to the winning position (relative position), and the contest’s complexity affects the solutions’ quality is not well understood. To bridge this knowledge gap, our research examines the direct effects of the number of solving teams and prize inequality on performance and clarifies the moderating effect of task complexity. We also investigate how the direct effects change across the relative positions of the solving teams (e.g. high-performing versus low-performing teams). The study extends the boundaries of tournament literature by demonstrating how crowdsourcing contests evoke distinct behavioral responses compared to traditional tournaments. Practically, it provides novel insights for contest designers on crafting effective prize structures to optimize participant performance.",https://www.jmis-web.org/articles/1691,Journal of Management Information Systems
110,2024,Influence of Digital Communication Configuration in Virtual Teams: A Faultline Perspective,"The recent and swift move to virtual working has highlighted a need for greater understanding of how to best communicate remotely for work, how well team members are able to identify the correct communication mediums for their tasks and how team members align on how to complete these tasks. Drawing on Media Synchronicity Theory (MST), we examine communication-based subgroup dynamics in terms of faultline strength—the degree to which a team is hypothetically divided by lines of communication media they use—and subgroup imbalance regarding the influence of communication-based subgroup dynamics on virtual team sociability, and subsequently, team coordination. Results from a field study (Study 1) with 292 team members belonging to 37 virtual teams, and an experiment (Study 2) with 385 participants provided support for the hypotheses. Our findings contribute to existing theory by underscoring the idea that it is not simply virtuality, but the misalignment of the use of communication mediums among team members that plays a key role in the development of communication challenges in virtual teams. The study takes a novel approach by addressing how faultline strength within virtual teams that can cause communication challenges. Consequently, organizations are encouraged to pay attention to guidelines of the use of virtual communication tools and team composition to enhance communication and collaboration within virtual teams.",https://www.jmis-web.org/articles/1690,Journal of Management Information Systems
111,2024,Blooming Through the Cracks: The Effects of Fault Lines in Corporate Boards on Information-Technology Value,"Corporate boards can significantly affect the value generated from information technology (IT) investments. An implicit assumption in the scarce research exploring this relationship is that boards operate as cohesive groups. Departing from the assumption, this study draws upon the literature on fault lines, which suggests that individual director attributes align or misalign, creating hypothetical dividing lines that split the board into multiple subgroups and influence their effectiveness. Based on extensive analyses of a panel of 2,463 firms over 2010-2020, we find that knowledge-based fault lines, which enhance knowledge diversity, enable IT value generation, and this effect is amplified in munificent environments, which motivate and enable the board subgroups to seek and share diverse knowledge. However, identity- and resource-based fault lines do not affect IT value generation. Thus, knowledge diversity on boards should be encouraged, but diversity based on social identities and resources might not matter when seeking IT value.",https://www.jmis-web.org/articles/1689,Journal of Management Information Systems
112,2024,Strategizing Responses to Data Breaches: A Multi-Method Study of Organizational Responsibility and Effective Communication with Stakeholders,"Companies adopt response strategies to mitigate the negative consequences of data breaches. While prior research has examined the efficacy of these strategies, it is unclear whether companies must employ the same strategy for all breaches. Given that each response strategy demands varying levels of resources, optimizing resource allocation is crucial for companies to adopt costly strategies only when necessary. Utilizing situational crisis communication theory, we investigate how stakeholders assign different levels of responsibility to companies based on the specific attributes of each data breach and assess the severity of these events. Additionally, we discuss the critical role of effective communication post-data breaches and utilize social-mediated crisis communication to examine how organizations effectively communicate with their stakeholders. We conduct a multi-method study to investigate two primary stakeholders, namely customers and investors, with respect to organizational responsibility and communication. Study 1 employs a factorial survey (n = 849) with a 2 x 2 x 2 experimental design to analyze customer behavior. For Studies 2 and 3, we collect official data breach response letters to analyze 307 data breaches from 2006 to 2022. Study 2 investigates company sales data to understand customer behavior further. In Study 3, we conduct an event study and analyze stock market data to examine investor behavior. We find that stakeholders react to data breaches based on specific characteristics that reflect the organization’s responsibility and how incidents are communicated. Furthermore, customers and investors interpret the same data breaches differently. For example, locus of causality and controllability matter only to customers, and only investors turn to social media platforms (e.g., Twitter) to gather additional information about data breaches alongside company announcements. For research and practice, the findings of three studies collectively suggest a data breach-response match, highlighting the importance of situationally appropriate responses rather than always adopting costly, superior strategies (e.g., compensation). The findings also emphasize the need for companies to strategically plan their post-breach communication, as the source and form of data breach announcements affect stakeholders.",https://www.jmis-web.org/articles/1688,Journal of Management Information Systems
113,2024,How Chatbots Augment Human Intelligence in Customer Services: A Mixed-Methods Study,"Although artificial intelligence (AI)-enabled chatbots have been increasingly incorporated into firms’ business processes, such as customer service, they are still ineffective at handling unstructured tasks. Therefore, organizations might adopt chatbots to cut down the workforce for structured tasks and augment the remaining employees in unstructured tasks. Although there are substantial workforce implications for rebalancing work activities, few studies have assessed chatbots from the augmentation angle by focusing on employees’ performance, perhaps because of the lack of a theoretical foundation and research on this new phenomenon within organizations. Using a mixed-methods design, we developed a model illustrating the impact of chatbots on perceived work performance from the information technology artifact perspective. We then used the qualitative study to conceptualize contextualized technology affordances to enhance customer service, support decision-making, and improve business agility and chatbot support (i.e. informational and emotional support) in the context of chatbots. We then used the quantitative study to validate context-specific variables and the research model. The results showed that three types of chatbot affordances are positively related to post-adoptive chatbot use, through which chatbots provide employees with informational and emotional support and improve perceived work performance. Our study makes an original contribution to the development of a theory about new IT phenomena related to the impact of chatbots on work performance. Our results also provide suggestions for organizations regarding how to integrate chatbots to improve work performance.",https://www.jmis-web.org/articles/1687,Journal of Management Information Systems
114,2024,Can ChatGPT Perform a Grounded Theory Approach to Do Risk Analysis? An Empirical Study,"Grounded theory is a widely used scientific method for generating theories from qualitative data analysis. However, it is often time-consuming and requires professional training. Generative artificial intelligence, such as ChatGPT, excels in understanding and analyzing text, making it a valuable tool for qualitative research. This research proposes a novel approach to guide ChatGPT using the grounded theory method for qualitative data analysis and to design rigorous metrics for evaluating its performance. Using risk analysis as a case study, we compare ChatGPT’s results with those obtained through manual methods. Our findings show that, with expert guidance, ChatGPT can effectively perform the grounded theory method, achieving results comparable to those of human analysts. To maximize its potential, researchers should properly guide ChatGPT in performing required tasks, rigorously evaluate its outputs, and ensure high-quality results. This approach can significantly enhance the efficiency and quality of qualitative data analysis.",https://www.jmis-web.org/articles/1686,Journal of Management Information Systems
115,2024,Explainable Artificial Intelligence for Mental Disorder Screening: A Computational Design Science Approach,"Mental disorders affect nearly one billion people globally, 94% of whom are undiagnosed and untreated due to an acute shortage of trained clinicians. In response to this crisis, this study introduces mental disorder scan (MDscan), a novel artifact for screening ten mental disorders using data from the SCL-90-R mental disorder screening instrument, an explainable artificial intelligence approach, and our own ShapRadiation algorithm. MDscan converts 90 mental health indicators for each patient into an easily interpretable diagnostic image for mental disorders, similar to radiological images, and explains which indicators contributed to that prediction, increasing clinicians’ ability to screen more patients in less time. A field evaluation with clinical data shows that MDscan has high classification accuracy, with average F1 scores between 0.77 and 0.94, compared against prerecorded ground truth. Furthermore, unlike traditional black-box models, MDscan’s transparency and explainability can help enhance trust in artificial intelligence (AI) applications for clinical use.",https://www.jmis-web.org/articles/1685,Journal of Management Information Systems
116,2024,Digital Phenotyping-based Depression Detection in the Presence of Comorbidity: An Uncertainty Reasoning Approach,"Depression is a growing health and societal problem that has become increasingly prevalent and burdensome. The detection or diagnosis of depression has been very challenging, especially for patients with other comorbidities. Digital phenotyping has emerged as a promising tool for automatic depression detection from user behavior data collected by sensors. However, existing digital phenotyping-based detection of depression has not considered the diagnostic uncertainty caused by similar symptoms shared between depression and other comorbidities, which may negatively affect detection accuracy. We propose a novel deep learning model that processes and fuses data from multiple sensors and addresses the diagnostic uncertainty based on evidence theory. We evaluate the proposed model against state-of-the-art models using sensor data. Our work makes significant contributions to design science research by proposing new artificial intelligence (AI)-based artifacts to deal with uncertainty and to mental health research by improving the accuracy of depression detection in the presence of comorbidity.",https://www.jmis-web.org/articles/1684,Journal of Management Information Systems
117,2024,Special Section: Information Technology to Improve Mental Health,"Corey Angst (cangst@nd.edu) is the Jack and Joan McGraw Family Collegiate Professor of IT, Analytics, and Operations at the Mendoza College of Business, University of Notre Dame. His research interest is in the transformational effect that technology has on society. Dr. Angst has published academic papers in top journals in the information systems, operations, and management fields. His publications use a variety of methods, including empirical (primary and secondary data analysis), experimental, and qualitative. Prior to pursuing graduate education, he worked for 10 years as an engineer and project manager with Flowserve Corporation and E. I. du Pont de Nemours and Company.",https://www.jmis-web.org/articles/1683,Journal of Management Information Systems
118,2024,Tailoring Technology for Heterogeneous Shoppers: Implications for e-Retail Channel Competition,"With the growing number of shoppers entering e-marketplaces, e-retailers commonly use tailoring technology to cater to diverse shopper needs and gain a competitive advantage. However, the impact of shopper heterogeneity in this tailoring competition remains unclear. Focusing on e-retailers’ tailoring practice, we fill the gap by revealing its impact on e-marketplace channel competition and sellers’ coordination decisions. We find that shopper expertise with competing e-retailers and pricing contracts with product sellers significantly alter the downstream landscape, and all stakeholders should rethink e-retailers’ tailoring strategies. We discover that e-retailers may aim to sell to experienced consumers under a sell-to contract, while sellers target inexperienced consumers. Conversely, under a sell-on contract, the seller’s target aligns with the e-retailer of higher tailoring capabilities. Surprisingly, inexperienced consumers influence all market participants more than experienced consumers. Notably, the preferred target consumers of all parties may shift when tailoring is effective only for experienced consumers.",https://www.jmis-web.org/articles/1681,Journal of Management Information Systems
119,2024,Engagement and Crowding-Out Effects of Leaderboard Gamification on Medical Crowdfunding,"Prior research offers a minimal amount of direct evidence on the effect of gamification features such as top-donor leaderboards on medical crowdfunding, particularly regarding donor engagement, contributions per donor, and total campaign funds. The study analyzes data from 3,415 distinct medical campaigns, leveraging an unannounced change on GoFundMe. The findings reveal a complex scenario that defies simple expectations. The leaderboard is expected to increase donor engagement, but it appears to discourage larger contributions per donor, a phenomenon termed “crowding out.” Despite these mixed outcomes, there is a positive correlation between the leaderboard’s presence and the funds raised. These findings highlight the potential of leaderboards to increase engagement and total funds raised in medical crowdfunding campaigns. However, the crowding-out effect raises concerns about the Pareto efficiency of this motivation system. This research contributes insights to both practitioners and theorists, shedding light on the complex interplay between gamification features and crowdfunding outcomes in the medical context.",https://www.jmis-web.org/articles/1680,Journal of Management Information Systems
120,2024,Tethered Durable Goods and Installed Base Degradation via Software Updates: Implications for Product Policy,"Increasingly, durable goods have embedded software and are technologically tethered to the vendor’s server through this software, be it digital products such as smartphones or predominantly non-digital products such as automobiles and tractors. Tethering can enable the vendor to change the product’s performance or features through software updates, with implications for optimal product policy. We study a monopolist technology vendor’s decision to partially degrade or fully retire their installed base of tethered goods when they release their newer version. Our work presents several novel theoretical contributions with practical implications for industry. Installed base degradation can emerge in equilibrium. To obsolete the previous version, it is no longer necessary for the seller to produce an improved version. Firms may engage in economically suboptimal partial degradation for technical reasons. Firms sometimes engage in suboptimal product obsolescence despite it harming their profit, due to their inability to commit to a no-obsolescence policy. Under some conditions the seller’s commitment problem could cause them to offer excessive durability. Our work suggests important policy guidelines: when releasing new models, firms should consider releasing updated versions of their older operating systems, and allow existing customers to opt out of significant software upgrades, other than essential security patches.",https://www.jmis-web.org/articles/1679,Journal of Management Information Systems
121,2024,Board Interlocks with Information Technology Firms and Innovation Outcomes: A Resource Dependence Perspective,"Information technology (IT) innovation development within non-IT firms has been a key interest, but it is fraught with challenges because these firms lack sufficient IT knowledge. This study takes a resource dependence perspective to examine how engaging interlocking directorates with IT firms, or IT interlocks, affects non-IT firms’ innovation outcomes. Despite the acknowledged role of board interlocks in knowledge transfer, the role of IT interlocks in transferring IT knowledge has not been studied. Using a large-scale panel dataset of Chinese public firms between 2000 and 2020, our findings reveal that IT interlocks of non-IT firms positively impact their IT innovation by transferring IT knowledge, particularly when the interlocked IT firms are knowledge-intensive. Our research contributes to the information systems literature by affirming IT interlocks’ positive impact on innovation outcomes and highlighting the value of specific board relational capital in transferring external knowledge in need. It also offers practical implications for non-IT firms overcoming innovation challenges by establishing directorate connections with IT firms.",https://www.jmis-web.org/articles/1678,Journal of Management Information Systems
122,2024,Creating and Capturing Value with Physical-Digital Experiential Consumer Offerings,"Through a multiple-case study of seven German providers, we explore the architecture of commercial offerings of consumer experiences, such as wine-tastings, craft workshops, or wellness activities, which have both digital and physical components. Physical-digital experiences offer participants an opportunity to encounter many different sensations of an experience, as not all (e.g. taste, smell, touch) can be converted to digital form and not all are possible to experience physically (e.g. visual depictions of distant lands). Our empirical study shows that experience providers combine both physical and digital offering architectures by augmenting, substituting, porting, and excluding physical and digital components, a process that changes the value these experiences create for consumers and provides new means by which providers capture value from these offerings. We develop a theoretical model that explains value creation and value capture through the design and provision of physical-digital experiential consumer offerings that leverage physical-digital hybridity at multiple levels to enhance existing or generate new value pathways.",https://www.jmis-web.org/articles/1677,Journal of Management Information Systems
123,2024,Cyber Failures and Information Technology Capability Reputation: Examining Ex Ante and Ex Post Interplay Effects,"We study the interplay between cyber failures and information technology (IT) capability reputation (ITCAPR). Cyber failures often reveal vulnerable information systems (IS) processes and IT assets at their root that point to firm IT capability weakness. For external stakeholders, firm IT capability is unobservable and therefore a matter of perception or reputation. We theorize about cyber failures’ adverse impacts on firm market value and firm ITCAPR based on how external stakeholders reconcile their ex ante perception of firm IT capability strength, or established ITCAPR, and their perception of an ex post revelation of IT capability weakness by cyber failures. Our analysis of 264 cyber failures finds empirical support for our theory-based predictions. We find that ex post revelation of IT capability weakness leads external stakeholders to adjust downward their ex ante perceptions of firm IT capability proportional to the severity of IT capability weakness. Two ex post consequences are commensurate loss of firm market value and decline in firm ITCAPR. Based on our main finding, that external stakeholders perceive IT capability weakness as an endogenous contributory factor to cyber failures that leads to erosion of firm ITCAPR, we contribute to theory in significant ways. First, we theoretically complement a predominant research focus on IT capability strength as a value-relevant intangible asset by confirming that IT capability weakness is a value-relevant intangible liability as well as adding “vulnerability” or “weakness” as a distinctive process aspect absent from prior literature linking IS processes and IT capabilities. Second, we theoretically add to an almost exclusive focus of research on cyber failures’ short-term adverse effect on firm market value by documenting for the first time a time-lagged eroding effect on firm ITCAPR. Last, we theoretically show IT controls and particularly ones embedded in IS processes as an essential aspect of IT capability strength as well as cybersecurity protection and prevention.",https://www.jmis-web.org/articles/1676,Journal of Management Information Systems
124,2024,Enhancing Vulnerability Prioritization in Cloud Computing Using Multi-View Representation Learning,"Cybersecurity is a present and growing concern that needs to be addressed with both behavioral and design-oriented research. Public cloud providers such as Amazon Web Services and federal funding agencies such as the National Science Foundation have invested billions of dollars into developing high-performance computing resources accessible to users through configurable virtual machine (VM) images. This approach offers users the flexibility of changing and updating their environment for their computational needs. Despite the substantial benefits, users often introduce thousands of vulnerabilities by installing open-source software packages and misconfiguring file systems. Given the scale of vulnerabilities, security personnel struggle to identify and prioritize vulnerable assets for remediation. In this research, we designed a novel unsupervised deep learning-based Multi-View Combinatorial-Attentive Autoencoder (MV-CAAE) to capture multi-dimensional vulnerability data and automatically identify groups of similar vulnerable compute instances to help facilitate the development of targeted remediation strategies. We rigorously evaluated the proposed MV-CAAE against state-of-the-art methods in three technical clustering experiments. Experiment results indicate that the MV-CAAE achieves V-measure scores (metric of cluster quality) 8 percent-48 percent higher than benchmark methods. We demonstrated the practical value through a comprehensive case study by clustering vulnerable VMs and gathering qualitative feedback from experienced security professionals through semi-structured interviews. The results indicated that clustering vulnerable assets can help prioritize vulnerable instances for remediation and enhance decision-making tasks. The present design-research work also contributes to our theoretical knowledge of cyber-defense.",https://www.jmis-web.org/articles/1675,Journal of Management Information Systems
125,2024,Manager Appraisal of Artificial Intelligence Investments,"Artificial intelligence (AI) is an important source of competitive advantage as it enables task augmentation and automation. However, while AI can create significant value, it is important to note that AI investments are fraught with risks and uncertainties. Thus, managers are likely to carefully evaluate potential AI investments before committing to investing. However, we know little about how managers’ appraisal of AI influences their investment choices. Drawing upon theorization in the areas of business value of AI, agentic information systems (IS) appraisal, and time-situated agency, we extend existing theory in two ways: (1) development of an AI classification (foundational typology) that proposes two dimensions (action autonomy and learning autonomy) for classifying AI by type and level of autonomy; and (2) development of propositions that leverage time-situated agency and the AI classification to explicate how managers’ delegation preferences influence their AI investment appraisal. This paper contributes a foundational theoretical platform for furthering AI investment appraisal research. In addition, the paper sets an agenda for future research in this area.",https://www.jmis-web.org/articles/1674,Journal of Management Information Systems
126,2024,Relationship Between Trust in the Artificial Intelligence Creator and Trust in Artificial Intelligence Systems: The Crucial Role of Artificial Intelligence Alignment and Steerability,"This paper offers a novel perspective on trust in artificial intelligence (AI) systems, focusing on the transfer of user trust in AI creators to trust in AI systems. Using the agentic information systems (IS) framework, we investigate the role of AI alignment and steerability in trust transference. Through four randomized experiments, we probe three key alignment-related attributes of AI systems: creator-based steerability, user-based steerability, and autonomy. Results indicate that creator-based steerability amplifies trust transference from AI creator to AI system, while user-based steerability and autonomy diminish it. Our findings suggest that AI alignment efforts should consider the entity with which the AI goals and values should be aligned and highlight the need for research to theorize from a triadic view encompassing the user, the AI system, and its creator. Given the diversity in individual goals and values, we recommend that developers move beyond the prevailing “one-size-fits-all” alignment strategy. Our findings contribute to trust transference theory by highlighting the boundary conditions under which trust transference breaks down or holds in the emerging human-AI environment.",https://www.jmis-web.org/articles/1673,Journal of Management Information Systems
127,2024,Unintended Consequences of Disclosing Recommendations by Artificial Intelligence versus Humans on True and Fake News Believability and Engagement,"In an attempt to combat fake news, policymakers in many countries are considering mandating the disclosure of artificial intelligence (AI) recommendations of social media news articles. We used two randomized controlled experiments to investigate the effects of labeling social media news stories as recommended by AI. Our results show that an AI recommendation reduced belief in true news articles and had no material effect on belief in fake news. In contrast, a recommendation by an expert increased belief in true news articles, but had no effect for fake news articles. A friend recommendation had no effect for fake articles and inconsistent effects for true articles. Belief that an article was true led to news engagement (liking, commenting, sharing), but an AI recommendation weakened this relationship, making confirmation bias the primary factor influencing engagement. The trustworthiness of the recommender only partially explained these effects, which suggests that there are other theoretical factors at work. This study reveals that the explicit labeling of AI curation of social media news stories does not help combat fake news, but instead is likely to backfire and have unintended negative effects by decreasing the belief of and engagement with true news articles.",https://www.jmis-web.org/articles/1672,Journal of Management Information Systems
128,2024,Impact of Government Outsourcing Contracts on High-Tech Vendors: An Empirical Study,"Outsourcing is an important strategic decision of high-tech firms. However, while the research has extensively studied the implications of outsourcing to high-tech clients, its impact on high-tech vendors remains underexplored. This study empirically estimates the impact of government outsourcing contracts on high-tech vendors. Employing the earnings-return analyses framework, we find that, for high-tech vendors engaged in government outsourcing contracts, the stock market places a higher value on each unit of unexpected earnings compared to other firms. Additionally, this impact becomes stronger for contracts with longer terms, for contracts outsourced by the U.S. government or by countries with better political and economical stability. We obtain causal evidence through difference-in-differences (DID) analyses of high-tech firms’ initiations of government contracts. Mechanism analyses uncover two primary drivers behind this impact: increased persistence of future earnings and improved alignment between accrual earnings and cash flows. Overall, our research indicates that when valuing high-tech firms, the stock market incorporates information from supply-chain networks, especially that related to government customers. Our results underscore the importance of obtaining government outsourcing contracts for high-tech firms’ managers. Becoming a vendor to the government helps a high-tech firm reduce the uncertainty faced by its outside investors, who in turn value the high-tech firm’s earnings to a greater extent.",https://www.jmis-web.org/articles/1670,Journal of Management Information Systems
129,2024,Depression Detection Using Digital Traces on Social Media: A Knowledge-aware Deep Learning Approach,"Depression is a pressing yet underdiagnosed issue in health management. Because depressed patients share their symptoms, life events, and treatments on digital platforms, information systems (IS) scholars resort to user-generated digital traces for depression detection. While they facilitate innovative information technology (IT) approaches to alleviate the social and economic burden of depression, most studies lack effective means to incorporate domain knowledge in depression detection systems or suffer from feature extraction difficulties. Following the design science research in IS, we propose a Deep-Knowledge-Aware Depression Detection system to detect social media users at risk of depression and explain the detection factors. We deploy extensive empirical analyses to evaluate our designed IT artifact, which shows domain knowledge greatly improves performance. Our work has significant implications for IS research in knowledge-aware machine learning, digital traces utilization, and generalizable design principles. Practically, the early detection and factor explanation from our IT artifact can assist depression management and enable large-scale assessment of the population’s mental health.",https://www.jmis-web.org/articles/1669,Journal of Management Information Systems
130,2024,Role of Likes and Dislikes in Influencing User Behaviors on Social Media,"Two recent changes on social media platforms include (1) allowing users to mask the number of “likes” on others’ posts, aimed at reducing social comparisons and consequent technology-mediated dangerous behaviors (TMDBs), such as disclosing private information, and (2) adding a “dislike” reaction, aimed at increasing engagement. Nevertheless, the effects of these changes on user behaviors are unclear. In this paper, we seek to address this gap by integrating risk-sensitivity theory (RST) and prospect theory. First, we explain that while masking others’ “likes” may reduce social comparison, based on the “homeostatic violation” concept, people also make internal comparisons to expectations. Undesirable deviations from users’ expectations of “likes” and “dislikes” (e.g., too few “likes” or too many “dislikes”) can motivate TMDBs that users believe can alleviate the undesirable deviations. Thus, we argue that, in addition to social comparison mechanisms, there is an internal comparison mechanism that can motivate TMDBs. We test these claims via five randomized controlled experiments (total n = 1,594). Results show that, beyond social comparison mechanisms, receiving too few “likes” or too many “dislikes,” compared to internal expectations, can motivate TMDBs. Moreover, we found that losses loom larger than gains as users are more likely to engage in TMDBs to avoid excess “dislikes” than to avoid deprivation of “likes.” These findings make novel contributions to social media research and practice by pointing to an internal comparison mechanism as a potent motivator of TMDBs beyond social comparison processes and to the higher “toxicity” of “dislikes” than “likes” in terms of inciting TMDBs on social media.",https://www.jmis-web.org/articles/1668,Journal of Management Information Systems
131,2024,Cash or Non-Cash? Exploring Ideators Incentive Preferences in Crowdsourcing Contests,"Even though research has repeatedly shown that non-cash incentives can be effective, cash incentives are the de facto standard in crowdsourcing contests. In this multi-study research, we quantify ideators’ preferences for non-cash incentives and investigate how allowing ideators to self-select their preferred incentive—offering ideators a choice between cash and non-cash incentives—affects their creative performance. We further explore whether the market context of the organization hosting the contest—social (non-profit) or monetary (for-profit)—moderates incentive preferences and their effectiveness. We find that individuals exhibit heterogeneous incentive preferences and often prefer non-cash incentives, even in for-profit contexts. Offering ideators a choice of incentives can enhance creative performance. Market context moderates the effect of incentives, such that ideators who receive non-cash incentives in for-profit contexts tend to exert less effort. We show that heterogeneity of ideators’ preferences (and the ability to satisfy diverse preferences with suitably diverse incentive options) is a critical boundary condition to realizing benefits from offering ideators a choice of incentives. We provide managers with guidance to design effective incentives by improving incentive-preference fit for ideators.",https://www.jmis-web.org/articles/1667,Journal of Management Information Systems
132,2024,Knowledge-Aware Learning Framework Based on Schema Theory to Complement Large Learning Models,"Despite tremendous recent progress, extant artificial intelligence (AI) still falls short of matching human learning in effectiveness and efficiency. One fundamental disparity is that humans possess a wealth of prior knowledge, while AI lacks the essential commonsense knowledge required for learning tasks. Guided by schema theory, we employ the design science research methodology to introduce a novel knowledge-aware learning framework to harness the knowledge-based processes in human learning. Unlike existing pre-trained large language models (LLMs) and knowledge-aware approaches that treat knowledge in considerably different ways from humans, our theoretically grounded framework closely mimics how humans acquire, represent, activate, and utilize knowledge. The extensive evaluations in the context of text analytics tasks demonstrate that our design achieves comparable performance to the state-of-the-art LLMs and enhances model generalizability and learning efficiency. This study takes a step forward by bringing cognitive science into building cognitively plausible AI and human-AI collaboration research.",https://www.jmis-web.org/articles/1666,Journal of Management Information Systems
133,2024,Abnormal Returns to Artificial Intelligence Patent Infringement Litigations,"Artificial intelligence (AI) has become an important driver of economic growth and innovation. With rapid advances in AI, firms have a strategic opportunity to re-envision the cognitive reapportionment of tasks between humans, AI, and non-AI technologies. In doing so, firms can transform and dramatically elevate value creation through their business models, processes, and market offerings. We focus on a key risk, patent infringement litigation (PIL), that can adversely impact a firm’s value creation with AI. We posit and demonstrate that firms facing AI-PILs would have more negative short term abnormal returns compared to firms facing non-AI PILs. We further suggest that the abnormal returns are moderated by the types of plaintiffs and AI patents in which the abnormal returns are more negative when the plaintiffs are non-practicing entities (versus practicing entities) and when the AI patents at suit concern expertise-driven (versus data-driven) AI. Exploring the moderators jointly, we find evidence that for data-driven AI patents, the negative abnormal returns are stronger when the plaintiffs are practicing entities, but for expertise-driven AI patents, the negative abnormal returns are stronger when the plaintiffs are non-practicing entities.",https://www.jmis-web.org/articles/1665,Journal of Management Information Systems
134,2024,The Effect of Digital Platform Strategies on Firm Value in the Banking Industry,"After digital platforms have become successful in the information technology (IT) industry, incumbents from traditional industries increasingly implement digital platform strategies. However, there is mixed evidence on whether these incumbents benefit from digital platform strategies. To provide systematic insights, we focus on the banking industry. With the emergence of open banking, banks have begun implementing digital platforms to unlock the innovative power of third-party developers. We conducted an event study based on the announcement of digital platform strategies in a global sample of 165 banks. We show that, on average, investors react positively to the announcements. Contrary to our expectations, this effect is more substantial for banks from emerging markets than those from developed markets. Prior artificial intelligence (AI) orientation only partly contributes to investors’ favorable perception of a digital platform strategy. These results point to the complex interplay of AI orientation and digital platform strategies, yielding questions for future research.",https://www.jmis-web.org/articles/1664,Journal of Management Information Systems
135,2024,Competition and Cognition in the Market for Online News,"Does it pay to appear unbiased in an attention-based economy where bias sells? We study this question in light of increased consumer partisan polarization and biases alongside greater technology usage and partisanship in journalism. Using a game-theoretic framework that captures the essential properties of the online news market, we show that polarization with biases may constrain neutral and partisan news websites’ engagement-enhancing strategies differently; and online news providers can strategically exploit consumer perceptions to maximize engagement-driven revenues. Our analysis suggests that neutral news outlets depend on polarization imbalance and perceptions of neutrality. Moreover, increased search costs and consumer bias toward partisan outlets can lessen the echo chamber effect in online news consumption. Our work advances discussions on online news neutrality, providing fresh insights into the “marketplace of ideas” view and source versus content neutrality in the face of increasing affective polarization.",https://www.jmis-web.org/articles/1663,Journal of Management Information Systems
136,2024,Understanding the Unintended Effects of Human-Machine Moderation in Addressing Harassment within Online Communities,"We set out to explore the unintended effects of human-machine moderation in mitigating harassment within online communities. We examine communities that use a block-list type bot to prevent harassment from the source of harassment. Drawing from social categorization and selective exposure theories, we theorize that employing a machine alongside humans for community moderation will create unintended adverse effects. Specifically, within the moderated focal community, we hypothesize an emboldening effect characterized by an increase in harassment among community members directed at their outgroup members. Additionally, we expect a disengaging effect, that is, a downward trend in the focal community’s membership. Finally, in neighboring communities that share the same topic of discussion, we expect a spillover effect, that is, an increase in harassment. Employing Detoxify, a Bidirectional Encoder Representations from Transformers (BERT)-based model, we evaluate harassment scores in the focal community by analyzing 4 million Reddit comments across various communities. These scores serve as inputs for Bayesian Structural Time Series analysis, revealing evidence for both disengaging and spillover effects. For the emboldening effect, we use community-specific keywords in a predefined computer-assisted document classification approach, Keyword Assisted Topic Model (keyATM), to identify the target of harassment. We use mean comparison and regression discontinuity to assess the change in the level of harassment targeting outgroup members before and after the human-machine moderation implementation.",https://www.jmis-web.org/articles/1662,Journal of Management Information Systems
137,2024,Special Section: Cognitive Reapportionment and the Art of Letting Go: A Theoretical Framework for the Allocation of Decision Rights,"Benn R. Konsynski (benn.konsynski@emory.edu; corresponding author) is the George S. Craft Distinguished University Professor of Information Systems and Operations Management at the Goizueta Business School, Emory University. He holds a PhD in Computer Science from Purdue University, and held faculty positions at the University of Arizona and Harvard Business School. He was also named Baxter Research Fellow at Harvard and Hewlett Fellow at The Carter Center, and has served as adviser to and board member of public and private corporations. Dr. Konsynski specializes in digital commerce and information technology in relationships across organizations, and has published in such diverse journals as Journal of Management Information Systems, Communications of the ACM, Harvard Business Review, MIS Quarterly, Data Communications, Decision Sciences, Information Systems Research, IEEE Transactions on Software Engineering, and IEEE Transactions on Communications.",https://www.jmis-web.org/articles/1661,Journal of Management Information Systems
138,2024,The Impact of Social Comparison on Turnover Among Information Technology Professionals,"While IT workforce research often examines job- and organizational-related reasons for turnover, studies rarely connect the immediate social context of IT work to IT professionals’ workplace behavior. To understand the influence of the immediate social context, we develop a social comparison model that connects the social influence of co-worker who have left an organization to turnover among IT professionals who remain. We test our model using a social network of 4,011 IT professionals employed in a large IT firm over four years. We complement our analysis of this data with a multiple-case study with five software development teams. Across the two studies, our results suggest that the departure of an IT professional increases the probability of turnover among remaining coworkers; further, we found that turnover is even more likely when the remaining IT professionals are similar in technical abilities and demographic attributes to the co-worker who left. Our results direct attention to the immediate social context as an influence on the turnover behavior of IT professionals and explain how similarity in domain-specific attributes shapes this turnover behavior. Practitioners should know that a single departure may cause a chain reaction in IT work teams and organizations and find suggestions for assigning new employees.",https://www.jmis-web.org/articles/1659,Journal of Management Information Systems
139,2024,Governance and Longevity of Architecturally Embedded Applications,"This study explores the relationship between the governance of architecturally embedded applications and their longevity in organizational use. Using a contingency-fit logic, it posits that alignment between application governance (distribution of decision rights) and architectural contingencies contributes to sustained durations of organizational use. Architectural contingencies include internal application modularity, application inter-connectedness, and governance of surrounding application clusters. Evidence for the governance-architecture fit hypothesis is derived from analyzing temporally ordered data about applications (n = 225, n = 498, n = 193) from organizations in the media, banking, and utilities sectors over five years. Using a two-step approach with ordinal regression, along with Cox proportional hazards and logistic regression models, our findings indicate that a fit between observed governance and the governance induced by architectural contingencies reduces the likelihood of application decommissioning. The study advances the fields of information systems (IS) governance and architecture by offering a micro-level perspective on the longevity of organizational IS use while also shedding light on the importance of governance choices aligned with unique architectural application properties.",https://www.jmis-web.org/articles/1658,Journal of Management Information Systems
140,2024,Improving Threat Mitigation Through a Cybersecurity Risk Management Framework: A Computational Design Science Approach,"Cyberattacks have been increasing in volume and intensity, necessitating proactive measures. Cybersecurity risk management frameworks are deployed to provide actionable intelligence to mitigate potential threats by analyzing the available cybersecurity data. Existing frameworks, such as MITRE ATT&CK, provide timely mitigation strategies against attacker capabilities yet do not account for hacker data when developing cyber threat intelligence. Therefore, we developed a novel information technology artifact, ATT&CK-Link, which incorporates a novel transformer and multi-teacher knowledge distillation design, to link hacker threats to this broadly used framework. Here, we illustrated how hospital systems can use this framework to proactively protect their cyberinfrastructure against hacker threats. Our ATT&CK-Link framework has practical implications for cybersecurity professionals, who can implement our framework to generate strategic, operational, and tactical cyber threat intelligence. ATT&CK-Link also contributes to the information systems knowledge base by providing design principles to pursue targeted cybersecurity analytics, risk management, and broader text analytics research through simultaneous multi-modal (e.g., text and code) distillation and classification.",https://www.jmis-web.org/articles/1657,Journal of Management Information Systems
141,2024,Dark Clouds on the Horizon? Effects of Cloud Storage on Security Breaches,"This research examines how a firm’s cloud storage implementation affects different types of security breaches in both the short- and long-term. Building on the attention-based view, we find that cloud storage implementation positively relates to a firm’s external breaches and accidental internal breaches in the short-term. However, the positive relationship between cloud storage implementation and external breaches diminishes over time and becomes insignificant long-term. Our results demonstrate a long-term security advantage of cloud storage in reducing accidental internal breaches. We did not find a significant association between cloud storage and malicious internal breaches. Findings highlight the need for firms to direct limited resources to different security risks in the short- and long-term of cloud storage implementation over time. This research contributes to our understanding of cloud storage’s security implications and explicitly theorizes the role of attention in firm IT security management. We contribute to the attention-based view by contextualizing the theory to IT security. We highlight temporal dynamics through distinct attentional mechanisms, including selective attention, attentional flexibility, and attentional vigilance.",https://www.jmis-web.org/articles/1656,Journal of Management Information Systems
142,2024,The Effects of Sentiment Evolution in Financial Texts: A Word Embedding Approach,"We examine the evolutionary effects of sentiment words in financial text and their implications for various business outcomes. We propose an algorithm called Word List Vector for Sentiment (WOLVES) that leverages both a human-defined sentiment word list and the word embedding approach to quantify text sentiment over time. We then apply WOLVES to investigate the evolutionary effects of the most popular financial word list, Loughran and McDonald (LM) dictionary, in annual reports, conference calls, and financial news. We find that LM negative words become less negative over time in annual reports compared to conference calls and financial news, while LM positive words remain qualitatively unchanged. This finding reconciles with existing evidence that negative words are more subject to managers’ strategic communication. We also provide practical implications of WOLVES by correlating the sentiment evolution of LM negative words in annual reports with market reaction, earnings performance, and accounting fraud.",https://www.jmis-web.org/articles/1655,Journal of Management Information Systems
143,2024,Taking the Chat out of Chatbot? Collecting User Reviews with Chatbots and Web Forms,"Firms are beginning to use chatbots to collect information from users (e.g., online reviews), a task traditionally done through forms. We used two experiments to investigate how collecting reviews using chatbots in place of forms might impact user experience and, in turn, alter the nature of the reviews submitted by users. Study 1 compares chatbots to web forms, finding that chatbots may improve perceived efficiency but otherwise have no discernible effect on satisfaction and usage intention. At the same time, chatbot usage results in shorter, lower-quality reviews. While structured templates enhance form-based reviews, introducing structure to chatbot interactions does not positively impact satisfaction and usage intent, potentially making the process less efficient. Nonetheless, a structured chatbot approach yields longer reviews and mitigates declines in quality. Adding structure to a chatbot takes the chat out of the chatbot, turning the interaction from casual conversation to a formal process, as demonstrated in Study 2. Hence, while this structured approach for chatbots improves review quality without harming satisfaction and usage intent, it may not be the most effective method for enhancing the reviewer experience. Our research shows that the chatbot and structure pulled users towards contradicting genre rules (the social structures that guide technology use) and triggered users to subconsciously enact distinctly different thought patterns as they composed reviews.",https://www.jmis-web.org/articles/1654,Journal of Management Information Systems
144,2024,Social Ties among Fundraisers and Crowdfunding Performance: The Impact of Tie Strength and Network Closure,"This study examines how the strength of social ties between focal and peer fundraisers interacts with the network structure generated by these social ties to determine crowdfunding performance. With relationship intensity and preference similarity between focal and peer fundraisers as the two dimensions of tie strength, our study discloses how the benefits and costs associated with these tie strength dimensions are affected by network closure, the degree to which peer fundraisers are connected to each other. Our estimation results indicate that (1) relationship intensity and preference similarity exhibit inverted U-shaped relationships with crowdfunding performance, and (2) network closure attenuates the effectiveness of tie strength dimensions. Together, our study findings reveal an important interplay between indirect and direct social ties. In essence, social ties among peer fundraisers facilitate a group identity that reduces the returns of time and resources a fundraiser spends on strengthening ties with these peer fundraisers.",https://www.jmis-web.org/articles/1653,Journal of Management Information Systems
145,2024,Impact of Project Updates and Their Social Endorsement in Online Medical Crowdfunding,"Online crowdfunding has become an important fundraising channel for medical care. Yet, individuals in need face numerous challenges in meeting their fundraising goals. To improve fundraising, individuals may use project updates to evoke donors’ sympathy and secure donations. Informed by the sympathy bias literature, this paper conceptualizes two important but distinct aspects of project updates—positive sentiment and negative sentiment—and hypothesizes their individual and relative impacts on the donation amount of a crowdfunding project. In addition, this paper explores moderating effects of social endorsements on the influence of update sentiment. To test our hypotheses, we conducted two studies. Study 1 examined unique project-day panel data from 1,467 projects on a leading medical crowdfunding platform. Results reveal that both positive and negative update sentiment positively affect the donation amount of a crowdfunding project, but negative updates have a greater effect. Further, endorsements by strong ties and weak ties attenuate the positive effects of update sentiment. Study 2 was a controlled, randomized experiment that corroborated findings from Study 1, established the causality of observed effects, and confirmed the mediating effects of sympathy. The findings of this paper underscore the role of sympathy in enhancing online charitable crowdfunding to individual donors and show project updates with positive or negative sentiment to be potent mechanisms to boost donations. Furthermore, the substitution effect of social endorsement on donation amount also adds nuance to our knowledge suggesting that a proper combination of various information can better help improve crowdfunding performance. Platform operators and fundraisers should prioritize project update sentiment to enhance online charitable crowdfunding success.",https://www.jmis-web.org/articles/1652,Journal of Management Information Systems
146,2024,Discovery of Technological Innovation Systems: Implications for Predicting Future Innovation,"In contrast with the accelerating trend of boundary-spanning (horizontal) technological innovation, the current Cooperative Patent Classification (CPC) scheme applies a hierarchical (vertical) structure to innovation output in terms of patents. For this reason, we argue that the CPC can be complemented with dynamic technological innovation system (TIS) discovery through machine learning that accounts for horizontal relationships across seemingly disparate technologies. Using a design science approach, we propose a framework to discover boundary-spanning TISs by leveraging the textual information from millions of patents. We validate our framework in terms of the ability of discovered relationships to predict future innovation quantity and quality in different technology classes. Our novel TIS-based innovation metrics that leverage patenting activity in related technology classes are significantly associated with future innovation intensity in focal technologies. We conduct experiments with machine learning models to further tease out the predictive utility of our TIS discovery framework.",https://www.jmis-web.org/articles/1651,Journal of Management Information Systems
147,2024,Bureaucratizing the Clan: Impact of Technology Affordances on Control,"We examine how technology affordances impact clan control mechanisms in organizations. Using an interpretive multisite case study of the use of body-worn cameras in police organizations and technology affordance theory, we identify five technology affordances (Practice Visualization, Behavior Sanitization, Panoptic Supervision, Multiplex Evaluation, and Evidence Persistence). Actualization of these affordances constitutes affordance-based control, which reconfigures clan control mechanisms and extends the scope and intensity of bureaucratic control in our case sites, thereby bureaucratizing the clan. Our study makes significant contributions to affordances, organizational control, and technology-mediated control theory and practice. First, we develop a process model of affordance-based control, demonstrating technology’s role in constraining and enabling employees and supervisors to enact clan and bureaucratic control, respectively. Second, we show how affordance-based control extends the control relationship from traditional dyadic supervisor-employee control to triadic supervisor-technology-employee control. Finally, our study shows how affordance-based control facilitates the co-creation of control mechanisms by actualizing employee and supervisor affordances individually and jointly. Thus, affordance-based control can afford participatory supervision, empowering employees to have an input in control mechanisms that were historically imposed on them.",https://www.jmis-web.org/articles/1650,Journal of Management Information Systems
148,2024,Judging the Wrongness of Firms in Social Media Firestorms: The Heuristic and Systematic Information Processing Perspective,"Social media firestorms pose a significant challenge for firms in the digital age. Tackling firestorms is difficult because the judgments and responses from social media users are influenced by not only the nature of the transgressions but also by the reactions and opinions of other social media users. Drawing on the heuristic-systematic information processing model, we propose a research model to explain the effects of social impact (the heuristic mode) and argument quality and moral intensity (the systematic mode) on perceptions of firm wrongness (the judgment outcome) as well as the effects of perceptions of firm wrongness on vindictive complaining and patronage reduction. We adopted a mixed methods approach in our investigation, including a survey, an experiment, and a focus group study. Our findings show that the heuristic and systematic modes of information processing exert both direct and interaction effects on individuals’ judgment. Specifically, the heuristic mode of information processing dominates overall and also biases the systematic mode. Our study advances the literature by offering an alternative explanation for the emergence of social media firestorms and identifying a novel context in which the heuristic mode dominates in dual information processing. It also sheds light on the formulation of response strategies to mitigate the adverse impacts resulting from social media firestorms. We conclude our paper with limitations and future research directions.",https://aisel.aisnet.org/jais/vol25/iss2/1,Journal of the Association for Information Systems
149,2024,Firm Competitive Structure and Consumer Reaction in Search Advertisings,"Sponsored search advertising has become an important venue for firms competing for consumers. As a result, many keywords attract a large number of bidders, and the competing advertisers may be quite heterogeneous. We examine whether this heterogeneity impacts how consumers perceive and react to such competitions. To this end, we draw on the theory of strategic groups to prescribe the structure of the competitive environment and investigate how strategic groups impact consumers’ clicking and website-visit behavior when viewing sponsored search results. Our unique datasets that combine search results from Google and consumers’ clickstream data enable us to disentangle such an impact. We find strong positive externality for within-group competitors relative to across-group competitors: (1) consumers are more likely to co-visit two firms that belong to the same strategic group, as opposed to two firms from different groups when both firms appear in the search results; (2) the presence of a firm in the search results primes consumers to visit other firms from the same strategic group even when the other firms do not appear in the search results. Our findings contribute to the sponsored search and strategic group literature by theorizing and empirically verifying consumers’ website-visit behaviors from the strategic group perspective.",https://aisel.aisnet.org/jais/vol25/iss2/2,Journal of the Association for Information Systems
150,2024,"Research Perspectives: An Encompassing Framework for Conceptualizing Space in Information Systems: Philosophical Perspectives, Themes, and Concepts","The conceptualization of space is integral to many of the diverse forms of information systems—for example, the physical space represented in geographical information systems and the virtual space of simulated worlds. Yet despite its importance and centrality, the conceptualization of space in information systems is not as sophisticated or mature as in other fields. A lack of attention to the diversity of perspectives on space hampers ongoing research and the re-visioning of phenomena that could lead to new insights in information systems. The aim of this paper is to develop an encompassing framework that provides a comprehensive view of philosophical perspectives, spatial themes, and concepts of space that are relevant to information systems. As a result of an extensive literature review, an encompassing framework is presented that includes four prominent spatial themes: representing space, differentiating space, disclosing space, and intuitive space. Each theme is related to its key characteristics and features and underlying philosophical perspectives. The paper demonstrates how the new framework can facilitate IS scholars’ expansive analysis in scholarly work and assist editors and reviewers in evaluating papers concerning space in IS and shows how the re-visioning of phenomena can lead to transformational shifts in understanding IS phenomena.",https://aisel.aisnet.org/jais/vol25/iss2/3,Journal of the Association for Information Systems
151,2024,Proposing Shocks and Dissatisfaction to Explain Quitting and Switching a Service: An Image Theory Perspective,"This study sheds light on how shocks, or events perceived as jarring, cause users to discontinue a service. We use image theory to develop a model of discontinuation (MOD), which includes five main concepts: shock, script, image violation, service and task dissatisfaction, and search for and evaluation of superior alternatives. MOD explains how two types of user discontinuation behavior—quitting and switching—are formed along seven paths that are either related to contextual or technological shocks or result from dissatisfaction with a task or service. Our first empirical study shows that more than 95% of the 467 ex-users surveyed followed one of these paths when discontinuing media streaming, social networking, and matchmaking services. In the second study, we developed a research model based on the MOD to understand how the psychological factors associated with shocks lead to the intention to discontinue. We evaluate this model with a scenario study in which we present the situation of users of a matchmaking service and present participants with a contextual shock. Data from 201 individuals show that users are likely to develop intentions to quit when they use an engaged script or experience an image violation. Interviews with a panel of practitioners confirmed that MOD provides a useful and applicable approach to understanding users’ quitting and switching behaviors in different contexts. We conclude our paper with a discussion of implications for research and practice.",https://aisel.aisnet.org/jais/vol25/iss2/4,Journal of the Association for Information Systems
152,2024,Qualitative Cusp Catastrophe Multi-Agent Simulation Model to Explore Abrupt Changes in  Online Impulsive Buying Behavior,"We develop a qualitative catastrophe (a nonlinear sudden violent change) multi-agent simulation model to investigate the evolution of group behavior, specifically abrupt changes in online impulsive buying (OIB) behavior. Studies have rarely investigated the mechanism of abrupt changes in OIB at the group level. To address the research gaps and advance this area of research, we employed a sequential multiple-methods approach. First, we designed a questionnaire to obtain and analyze consumer data to identify OIB drivers. Second, we built a qualitative catastrophe model based on empirical findings to describe sudden changes in the OIB behavior of individuals by merging catastrophe theory (CT) and qualitative simulation (QSIM). Finally, grounded in the qualitative catastrophe model, we constructed an agent-based model (ABM) to simulate group-level OIB behavior. The empirical findings revealed the following. (1) Sudden changes in group-level OIB occur as consumers’ sense of quantified self increases when self-control is low. (2) The greater the number of consumers with a proving preference (who prefer to prove their competence and performance to others) in the group, the higher the possibility of catastrophe; the scale of catastrophe increases significantly with the enhancement of product information features. (3) We identify optimal gamification for sudden increases in group-level OIB; the larger the degree of social networking is, the higher the likelihood of catastrophe behavior. Our proposed combination of a survey study, QSIM, and an ABM is a plausible solution for behavioral research on consumers, and the integration paradigm could help maintain market stability and promote products.",https://aisel.aisnet.org/jais/vol25/iss2/6,Journal of the Association for Information Systems
153,2024,Nonverbal Peer Feedback and User Contribution in Online Forums: Experimental Evidence of the Role of  Attribution and Emotions,"Peer feedback is often associated with an increase in the contributions of members in online communities. Verbal feedback (such as a review) can give details about how the recipient can improve their contribution, but it requires the recipient to read and process the feedback. Conversely, nonverbal feedback (such as an upvote) is easy to comprehend but does not convey much helpful information. Prior studies have mainly focused on the impact of verbal feedback. However, little has been done to explore the underlying mechanism of the effect of nonverbal peer feedback on people’s tendency to contribute more. We present two experimental studies conducted on Amazon Mechanic Turk. Study 1 demonstrates how verbal and nonverbal feedback impact user contributions differently. Next, building on attribution-emotion-action theory, we use Study 2 to establish a causal mechanism between nonverbal feedback and users’ knowledge contribution. Specifically, users who receive nonverbal peer feedback make internal and external attributions, which in turn impact their emotions and contribution decisions. We find that users receiving more positive feedback attribute this in equal measure internally to perceived self-efficacy and externally to perceived fairness, whereas users who receive negative feedback attribute it more to the lack of perceived fairness of peer feedback. These findings have important implications for both content-sharing platforms and researchers trying to better understand the drivers of online content-sharing behavior.",https://aisel.aisnet.org/jais/vol25/iss2/7,Journal of the Association for Information Systems
154,2024,Optimal Launch Timing of Bug Bounty Programs for Software Products under Different Licensing Models,"An increasing number of software firms are utilizing bug bounty programs (BBPs) to detect bugs and enhance their product quality by leveraging the contributions of external ethical hackers. Although launching a BBP involves bounties as well as the costs of processing bug reports and fixing bugs, software firms can save failure costs and enjoy the benefits of greater user trust. The costs and benefits resulting from launching a BBP vary with launch timings and software licensing models. Hence, we investigate the optimal BBP launch strategies for software firms, using perpetual or subscription licensing models. Our findings reveal that under perpetual licensing, the firm has only two viable launch strategies: simultaneous launch, i.e., launching the software and the BBP simultaneously, and no launch. Under subscription licensing, however, delayed launch, i.e., launching the BBP later than the software release time, occurs as the optimal strategy when the failure cost is not high and the benefit of user trust is significant. Two distinct patterns in the relationship between the firm’s bug-fixing capability and its payoff are identified: a U-shaped pattern and an inverted U-shaped pattern. We uncover the conditions under which a firm should opt not to launch a BBP as its bug-fixing capability improves. This study offers insights into how firms can be motivated to launch BBPs to improve the overall reliability of their software.",https://aisel.aisnet.org/jais/vol25/iss2/8,Journal of the Association for Information Systems
155,2024,How Online Consumers Use Multiple Advice Sources:  An Empirical Exploration Using Verbal Protocol Analysis,"With more online stores providing recommendations and reviews simultaneously from multiple advice sources—such as recommendation agents, other consumers, and experts—consumers are facing the challenge of deciding how to use wide-ranging and possibly conflicting sets of information to improve their product selection. Although previous studies have investigated the classical decision-making strategies used in preferential choice problems, most of these are not directly applicable to multiple advice source environments. In addition, since most of these studies have mainly focused on a variance model rather than a process model, they cannot fully explain how decision makers reach their product selection decisions. To shed light on the processes that online consumers use in making product selections when using multiple advice sources, this study: (1) explores if, how, and when consumers use consistency as a part of their decision-making strategies through developing process models; (2) identifies the consistency strategies utilized when using multiple advice sources; and (3) proposes a new consistency-based decision-making model. Through concurrent verbal protocol analysis, we identified four consistency strategies and found that the use of consistency strategies increases decision quality more than traditional nonconsistency strategies. Our findings are triangulated through the theoretical lens of cognitive dissonance theory, information search process model, and confirmation bias for rigorous validation. We also describe the theoretical and practical implications of our findings.",https://aisel.aisnet.org/jais/vol25/iss2/9,Journal of the Association for Information Systems
156,2024,From Methodological Symmetry to Gaia: Latours Legacy and Untapped Potential for IS Research,"A defining concern for information systems (IS) is how to theorize its primary object of study, the digital artifact. Historically, approaches in IS have oscillated between technological determinist and social determinist ones. Bruno Latour’s works contributed to recalibrating a more symmetrical treatment of the two, and he played a distinctive role in stimulating the evolution of empirically committed, process-oriented theorizing in the IS field. We commemorate Latour’s work by revisiting his early influence on IS research and discuss some of the direct and indirect influences on contemporary IS, such as infrastructure studies and sociomateriality. With the interest in agentic technologies via AI, Latour’s perspectives on technological agency are more relevant than ever. In addition, we explore ideas that are relevant to IS but have yet to be taken up, thus representing untapped theoretical and methodological potential for future IS research—for example, approaching data as circulating reference or how his work could contribute to sustainability discussions in IS.",https://aisel.aisnet.org/jais/vol25/iss2/10,Journal of the Association for Information Systems
157,2024,Digital Transformation of Academic Publishing:  A Call for the Decentralization and Democratization of Academic Journals,"This opinion paper aims, following a brief overview of the state of affairs of the academic publishing ecosystem, to shed light on a market failure that stems from commercial publishers harnessing that ecosystem for exorbitant profits at the expense of the scientific enterprise and society at large. The paper examines how emerging technologies can help the scientific community grapple with this predicament and reestablish an institutional logic that favors scholarship and world benefit over the economic interests of publishers. Building on Web3 technologies, the paper suggests a two-pronged strategy that relies primarily on blockchain and AI technologies to help restore a fair and equitable power balance and improve the publishing experience. This proposed course of action presents an opportunity to tackle the grand challenge faced by the academic publishing ecosystem while simultaneously asserting the IS community’s proclaimed role as stewards of the digital revolution. It is time for us to harness digital technology to transform our journals from monolithic monarchies to agile democracies.",https://aisel.aisnet.org/jais/vol25/iss1/1,Journal of the Association for Information Systems
158,2024,Democratizing Knowledge Creation Through Human-AI Collaboration in Academic Peer Review,"In the rapidly evolving landscape of academic research, artificial intelligence (AI) is poised to revolutionize traditional academic peer review processes and knowledge evaluation systems. We believe that the growing collaboration between humans and AI will disrupt how academics assess scholarly manuscripts and disseminate published works in a way that facilitates the closing of gaps among diverse scholars as well as competing scholarly traditions. Such human-AI collaboration is not a distant reality but is unfolding before us, in part, through the development, application, and actual use of AI, including language learning models (LLMs). This opinion piece focuses on the academic peer review process. It offers preliminary ideas on how human-AI collaboration will likely change the peer review process, highlights the benefits, identifies possible bottlenecks, and underscores the potential for democratizing academic culture worldwide.",https://aisel.aisnet.org/jais/vol25/iss1/2,Journal of the Association for Information Systems
159,2024,Extending the Foresight of Phillip Ein-Dor:  Causal Knowledge Analytics,"Phillip Ein-Dor advocated that electronic journals be more than a PDF of the established text model. He envisioned a transformation of scholarship. The need for such a transition has only grown since the first issue of JAIS in 2000 because the continuing growth and fragmentation of knowledge limits the generation of new knowledge. We propose drawing on analytics and AI to accelerate and transform scholarship, providing an appropriate tribute to a visionary IS leader.",https://aisel.aisnet.org/jais/vol25/iss1/3,Journal of the Association for Information Systems
160,2024,Evolving Epistemic Infrastructure:  The Role of Scientific Journals in the Age of Generative AI,"Scientific journals, crucial components of our epistemic infrastructure, have continuously adapted to the changing technological landscape. Today, we stand at the precipice of a transformative phase brought about by generative AI, specifically large language models such as OpenAI’s GPT and Google’s Bard. In this opinion piece, I examine the implications of these models for the future of scientific journals and various stakeholders in the scientific community, including journals, scholars, and universities. To envisage the future trajectory of scientific journals, it’s imperative to comprehend the operational mechanisms of these models and the fundamentally recombinatorial nature of human knowledge creation. I suggest that one of the significant roles generative AI can play is facilitating “long jumps” in our knowledge exploration process. I further propose decentralization and deferred and temporary binding as two crucial characteristics of the evolving epistemic infrastructure that supports precarious knowledge production. I foresee a future where scientific journals extend beyond their traditional gatekeeping roles. I call for scholars—as authors, reviewers, and mentors—to utilize these technologies to traverse the broad landscape of potential knowledge, fostering a more inclusive and dynamic scientific ecosystem.",https://aisel.aisnet.org/jais/vol25/iss1/4,Journal of the Association for Information Systems
161,2024,Should We Collaborate with AI to Conduct Literature Reviews? Changing Epistemic Values in a Flattening World,"In this paper, we revisit the issue of collaboration with artificial intelligence (AI) to conduct literature reviews and discuss if this should be done and how it could be done. We also call for further reflection on the epistemic values at risk when using certain types of AI tools based on machine learning or generative AI at different stages of the review process, which often require the scope to be redefined and fundamentally follow an iterative process. Although AI tools accelerate search and screening tasks, particularly when there are vast amounts of literature involved, they may compromise quality, especially when it comes to transparency and explainability. Expert systems are less likely to have a negative impact on these tasks. In a broader context, any AI method should preserve researchers’ ability to critically select, analyze, and interpret the literature.",https://aisel.aisnet.org/jais/vol25/iss1/5,Journal of the Association for Information Systems
162,2024,New Frontiers in Information Systems Theorizing: Human-gAI Collaboration,"The Journal of the Association for Information Systems has long had a reputation for promoting theory development. Yet theory development can be experienced as risky and frustrating because of a lack of divergence and convergence—both in terms of ideas and in the social dynamics among human theorists. These dichotomies can stymie progress and lead to unfinished works. Misconceptions about theory can also hamper advances. We examine the ways in which generative artificial intelligence (gAI) tools may be useful in developing theory in information systems (IS) through human-gAI collaboration, thus forging new frontiers in IS theorizing.",https://aisel.aisnet.org/jais/vol25/iss1/6,Journal of the Association for Information Systems
163,2024,"Human-in-the-Loop AI Reviewing: Feasibility, Opportunities, and Risks","The promise of AI for academic work is bewitching and easy to envisage, but the risks involved are often hard to detect and usually not readily exposed. In this opinion piece, we explore the feasibility, opportunities, and risks of using large language models (LLMs) for reviewing academic submissions, while keeping the human in the loop. We experiment with GPT-4 in the role of a reviewer to demonstrate the opportunities and the risks we experience and ways to mitigate them. The reviews are structured according to a conference review form with the dual purpose of evaluating submissions for editorial decisions and providing authors with constructive feedback according to predefined criteria, which include contribution, soundness, and presentation. We demonstrate feasibility by evaluating and comparing LLM reviews with human reviews, concluding that current AI-augmented reviewing is sufficiently accurate to alleviate the burden of reviewing but not completely and not for all cases. We then enumerate the opportunities of AI-augmented reviewing and present open questions. Next, we identify the risks of AI-augmented reviewing, highlighting bias, value misalignment, and misuse. We conclude with recommendations for managing these risks.",https://aisel.aisnet.org/jais/vol25/iss1/7,Journal of the Association for Information Systems
164,2024,The Other Reviewer: RoboReviewer,"The peer review process is a mainstay for informing publication decisions at many journals and conferences. It has several strengths that are well-accepted, such as providing a signal about the quality of published papers. Nonetheless, it has several limitations that have been documented extensively, such as reviewer biases affecting paper appraisals. To date, attempts to mitigate these limitations have had limited success. Accordingly, I consider how developments in artificial intelligence technologies—in particular, pretrained large language models with downstream fine-tuning—might be used to automate peer reviews. I discuss several challenges that are likely to arise if these systems are built and deployed and some ways to address these challenges. If the systems are deemed successful, I describe some characteristics of a highly competitive, lucrative marketplace for these systems that is likely to emerge. I discuss some ramifications of such a marketplace for authors, reviewers, editors, conference chairs, conference program committees, publishers, and the peer review process.",https://aisel.aisnet.org/jais/vol25/iss1/8,Journal of the Association for Information Systems
165,2024,Peer Review in the Age of Generative AI,"Rapid advances in artificial intelligence (AI), including recent generative forms, are significantly impacting our lives and work. A key aspect of our work as IS researchers is the publishing of research articles, for which peer review serves as the primary means of quality control. While there have been debates about whether and to what extent AI can replace researchers in various domains, including IS, we lack an in-depth understanding of how AI can impact the peer review process. Considering the high volume of submissions and limited reviewer resources, there is a pressing need to use AI to augment the review process. At the same time, advances in AI have been accompanied by concerns about biases introduced by AI tools and the ethics of using them, among other issues such as hallucinations. Thus, critical issues to understand are: how can AI augment and potentially automate the review process, what are the pitfalls in doing so, and what er the implications for IS research and peer review practice. I will offer my views on these issues in this opinion piece.",https://aisel.aisnet.org/jais/vol25/iss1/9,Journal of the Association for Information Systems
166,2024,Reimagining the Journal Editorial Process:  An AI-Augmented Versus an AI-Driven Future,"The editorial process at our leading information systems journals has been pivotal in shaping and growing our field. But this process has grown long in the tooth and is increasingly frustrating and challenging its various stakeholders: editors, reviewers, and authors. The sudden and explosive spread of AI tools, including advances in language models, make them a tempting fit in our efforts to ease and advance the editorial process. But we must carefully consider how the goals and methods of AI tools fit with the core purpose of the editorial process. We present a thought experiment exploring the implications of two distinct futures for the information systems powering today’s journal editorial process: an AI-augmented and an AI-driven one. The AI-augmented scenario envisions systems providing algorithmic predictions and recommendations to enhance human decision-making, offering enhanced efficiency while maintaining human judgment and accountability. However, it also requires debate over algorithm transparency, appropriate machine learning methods, and data privacy and security. The AI-driven scenario, meanwhile, imagines a fully autonomous and iterative AI. While potentially even more efficient, this future risks failing to align with academic values and norms, perpetuating data biases, and neglecting the important social bonds and community practices embedded in and strengthened by the human-led editorial process. We consider and contrast the two scenarios in terms of their usefulness and dangers to authors, reviewers, editors, and publishers. We conclude by cautioning against the lure of an AI-driven, metric-focused approach, advocating instead for a future where AI serves as a tool to augment human capacity and strengthen the quality of academic discourse. But more broadly, this thought experiment allows us to distill what the editorial process is about: the building of a premier research community instead of chasing metrics and efficiency. It is up to us to guard these values.",https://aisel.aisnet.org/jais/vol25/iss1/10,Journal of the Association for Information Systems
167,2024,Responsible Artificial Intelligence and Journal Publishing,"The aim of this opinion piece is to examine the responsible use of artificial intelligence (AI) in relation to academic journal publishing. The work discusses approaches to AI with particular attention to recent developments with generative AI. Consensus is noted around eight normative themes for principles for responsible AI and their associated risks. A framework from Shneiderman (2022) for human-centered AI is employed to consider journal publishing practices that can address the principles of responsible AI at different levels. The resultant AI principled governance matrix (AI-PGM) for journal publishing shows how countermeasures for risks can be employed at the levels of the author-researcher team, the organization, the industry, and by government regulation. The AI-PGM allows a structured approach to responsible AI and may be modified as developments with AI unfold. It shows how the whole publishing ecosystem should be considered when looking at the responsible use of AI—not just journal policy itself.",https://aisel.aisnet.org/jais/vol25/iss1/11,Journal of the Association for Information Systems
168,2024,Navigating Generative Artificial Intelligence Promises and Perils for Knowledge and Creative Work,"Generative artificial intelligence (GenAI) is rapidly becoming a viable tool to enhance productivity and act as a catalyst for innovation across various sectors. Its ability to perform tasks that have traditionally required human judgment and creativity is transforming knowledge and creative work. Yet it also raises concerns and implications that could reshape the very landscape of knowledge and creative work. In this editorial, we undertake an in-depth examination of both the opportunities and challenges presented by GenAI for future IS research.",https://aisel.aisnet.org/jais/vol25/iss1/13,Journal of the Association for Information Systems
169,2024,The Societal Impacts of Generative Artificial Intelligence:  A Balanced Perspective,"The discourse surrounding the societal impacts of generative artificial intelligence (GAI), exemplified by technologies like ChatGPT, often oscillates between extremes: utopian visions of unprecedented productivity and dystopian fears of humanity’s demise. This polarized perspective neglects the nuanced, pragmatic manifestation of GAI. In general, extreme views oversimplify the technology itself or its potential to address societal issues. The authors suggest a more balanced analysis, acknowledging that GAI’s impacts will unfold dynamically over time as diverse implementations interact with human stakeholders and contextual factors. While Big Tech firms dominate GAI’s supply, its demand is expected to evolve through experimentation and use cases. The authors argue that GAI’s societal impact depends on identifiable contingencies, emphasizing three broad factors: the balance between automation and augmentation, the congruence of physical and digital realities, and the retention of human bounded rationality. These contingencies represent trade-offs arising from GAI instantiations, shaped by technological advancements, stakeholder dynamics, and contextual factors, including societal responses and regulations. Predicting long-term societal effects remains challenging due to unforeseeable discontinuities in the technology’s trajectory. The authors anticipate a continuous interplay between GAI initiatives, technological advances, learning experiences, and societal responses, with outcomes depending on the above contingencies.",https://aisel.aisnet.org/jais/vol25/iss1/14,Journal of the Association for Information Systems
170,2024,A Knowledge Management Perspective of Generative Artificial Intelligence,"In this editorial, revisiting Alavi and Leidner (2001) as a conceptual lens, we consider the organizational implications of generative artificial intelligence (GenAI) from a knowledge management (KM) perspective. We examine how GenAI impacts the processes of knowledge creation, storage, transfer, and application, highlighting both the opportunities and challenges this technology presents. In knowledge creation, GenAI enhances information processing and cognitive functions, fostering individual and organizational learning. However, it also introduces risks like AI bias and reduced human socialization, potentially marginalizing junior knowledge workers. For knowledge storage and retrieval, GenAI’s ability to quickly access vast knowledge bases significantly changes employee interactions with KM systems. This raises questions about balancing human-derived tacit knowledge with AI-generated explicit knowledge. The paper also explores GenAI’s role in knowledge transfer, particularly in training and cultivating a learning culture. Challenges include an overreliance on AI and risks in disseminating sensitive information. In terms of knowledge application, GenAI is seen as a tool to boost productivity and innovation, but issues like knowledge misapplication, intellectual property, and ethical considerations are critical. Conclusively, the paper argues for a balanced approach to integrating GenAI into KM processes. It advocates for harmonizing GenAI’s capabilities with human insights to effectively manage knowledge in contemporary organizations, ensuring both technological advances and ethical responsibility.",https://aisel.aisnet.org/jais/vol25/iss1/15,Journal of the Association for Information Systems
171,2025,"Sunk Cost Fallacy, Price Adjustment, and Subscription Services for Information Goods","Information goods often adopt a subscription-based business model, where customers pay a fixed fee to enter into a purchase agreement. The up-front payment of the subscription fee creates a sunk cost for members, which may influence their future consumption behavior. Although price adjustment is a common strategy employed by subscription providers, it remains unclear how changes in the fixed fee—as a sunk cost—affect the consumption of information goods. For this paper, we first leveraged a quasi-natural experiment in a movie subscription service and employed a difference-in-differences model to estimate the impact of fixed fee adjustments on overall consumption. Then we used a randomized experiment to unveil the underlying mechanism of sunk cost fallacy. Our findings reveal that the average treatment effect on information goods consumption is both significant and economically meaningful. Specifically, the box office revenues of an average movie increased by 12%~35% in the six months following a sudden downward price adjustment, likely because a lower fixed subscription fee appeals to highly price-conscious consumers, who are more susceptible to the sunk cost fallacy. We also uncovered insightful heterogeneous effects, demonstrating that niche information goods, especially those driven by narrow appeal and high quality, benefit the most from such a downward price adjustment of a subscription service. Our results are robust to alternative control groups, placebo tests, and different data analysis granularity. Our research enhances the understanding of the sunk cost fallacy within the context of subscription-based information goods.",https://aisel.aisnet.org/jais/vol26/iss2/1,Journal of the Association for Information Systems
172,2025,Falling from Grace: Understanding Successful Crowdfunding Experiences in Serial Entrepreneurship,"Crowdfunding has become an important fundraising method for entrepreneurs. In this study, we examine the role of successful crowdfunding experiences in serial entrepreneurship. Although serial entrepreneurs are typically more mature and achieve higher success rates, it remains unclear how their success affects their subsequent crowdfunding performance, given the extant literature’s mixed views of crowdfunding experiences. To resolve this tension regarding the effects of crowdfunding success, we integrate insights from the crowdfunding literature with organizational learning theory to propose a research framework with competing hypotheses. On the one hand, the crowdfunding literature suggests a positive effect arising from the signaling of legitimacy and credibility from entrepreneurs’ prior success. On the other hand, organizational learning theory suggests the potential of a superstitious learning effect wherein entrepreneurs erroneously associate success with specific actions that may not contribute to success, thereby resulting in reduced subsequent performance. We further identify several moderators related to both theoretical perspectives. Empirical analysis of 10,795 crowdfunding campaigns from 3,978 serial entrepreneurs on Kickstarter suggests that successful experiences, on average, have a detrimental effect on the performance of subsequent campaigns. The results also suggest that experience relatedness, backing experience, and prior blockbuster success can mitigate this negative effect, whereas goal overshooting accentuates it. Supplementary analysis provides insights into the mechanisms at play, specifically, how the positive and negative aspects of success manifest. This study provides theoretical implications for the crowdfunding literature by addressing the tension inherent to crowdfunding success and offers guidance for crowdfunding entrepreneurs and platform operators.",https://aisel.aisnet.org/jais/vol26/iss2/2,Journal of the Association for Information Systems
173,2025,The Trade-Offs in Promoting Equity-Focused  Initiatives in Crowdfunding,"Organizations interested in supporting matters of diversity and equity need guidance on whether to be transparent about their equity-focused initiatives and appeal to users’ sense of social justice. This paper explores how information transparency affects backer responses to equity-related initiatives. The educational crowdfunding platform DonorsChoose launched an “equity-focused” initiative to highlight the platform’s commitment to equity in education and encourage donations towards that cause. Using an observational analysis and an experimental study, I found evidence that information transparency, i.e., explicitly promoting equity-focused projects, dampens overall donations because any change in donations associated with the equity-focused initiatives is insufficient to offset the decrease in other donations. However, I found evidence that distant donors are more responsive to equity-focused recommendations, consistent with the hypothesis that a holistic mindset moderates the effectiveness of promoting equity-focused initiatives. This study provides insight into the trade-offs associated with information transparency for equity-related initiatives and the complicated relationship between organizations and equity-related initiatives.",https://aisel.aisnet.org/jais/vol26/iss2/3,Journal of the Association for Information Systems
174,2025,How to Develop IT Ambidexterity:  Insights from the Perspective of CIO-TMT Mutual Communication,"Although IT ambidexterity can improve organizational agility and firm performance, limited attention has been paid to how it is developed. This article theoretically elaborates and empirically examines the effects of two types of communication modes between the chief information officer and the top management team, formal mutual communication (FMC) and informal mutual communication (IFMC), on IT ambidexterity, or the proportional balance between IT exploitation and IT exploration and how these effects vary across organizational and environmental contexts. Based on fuzzy-set qualitative comparative analysis of the survey data from 256 dyads of business and IT executives from the Chinese shipbuilding industry, we found that all configurations for achieving IT ambidexterity are observed in dynamic environments where both FMC and IFMC can play enabling roles, depending on the specific firm size. In addition, both modes can serve as enablers of IT exploitation. While IFMC always enables IT exploration, FMC may be irrelevant in some contexts or even counterproductive in other contexts. This paper expands the literature on IT ambidexterity by investigating FMC and IFMC as its antecedents, which makes a significant contribution to both IS research and practice.",https://aisel.aisnet.org/jais/vol26/iss2/4,Journal of the Association for Information Systems
175,2025,When Everyone Is Visible No One Is:  Qualifications Visibility and Labor Matching Technologies in Labor Search,"The visibility of qualifications is of central importance to labor search in general and the person-job matching process in particular. However, despite the emergence of LinkedIn and a wide variety of other labor matching technologies (LMTs) that magnify qualifications visibility (QV) and shape it in non-obvious ways, there has been very little attention to QV as a concept, its antecedents, and its consequences. Accordingly, the objectives of this paper are to: (1) define QV and elaborate its dimensionality, (2) delineate how it is magnified and shaped by LMTs, (3) draw on theories of visibility, signaling, and strategic self-presentation to devise a theoretical model of labor search that places QV at its center, and (4) work through the implications of this model for future research on the influence of emerging LMTs and QV on labor search in an organizational context.",https://aisel.aisnet.org/jais/vol26/iss2/5,Journal of the Association for Information Systems
176,2025,Technocognitive Structuration: Modeling the Role of Cognitive Structures in Technology Adaptation,"The way we use technology both shapes and is shaped by our environment. These same technologies also shape and are shaped by our cognitive structures. While several existing theories explain individuals’ adaptations of technology, these theories typically focus on social and behavioral dynamics, with little attention on how technology adaptation changes individuals’ internal representations and associations. This is an important oversight to address, given that contemporary technologies such as social media, big data, artificial intelligence, and wearable devices are known to impact how we process information and conceptualize problems. In this study, we extend the adaptive theory of structuration for individuals (ASTI) to create a theory of technocognitive structuration. Technocognitive structuration proposes that exploitative and exploratory cognitive adaptations mediate how technology adaptations impact task adaptations. We tested this mediating effect using an online experiment, supported by a series of pilot studies and illustrations. The results support the proposed mediating role of cognitive adaptation. These findings challenge existing research on technology adaptation and suggest that not only is cognitive adaptation an important phenomenon to study in its own right but it may also be an important element to consider when making causal claims about other outcomes linked with technology adaptation.",https://aisel.aisnet.org/jais/vol26/iss2/6,Journal of the Association for Information Systems
177,2025,Structural Holes and Peer Knowledge Production in Professional Q&A Communities: A Middle-Range Theory of User Engagement,"Professional question-and-answer (Q&A) communities have become important online social media platforms for peer-to-peer knowledge production. Such communities are vital for users seeking technical solutions and innovative methods for developing new products and features. A key challenge is ensuring information flows across areas of specialization, as such communities thrive on access to diverse expertise. Yet we know little about how a user’s network brokerage (i.e., the extent to which the user bridges structural holes between groups in the Q&A social network) and related reinforcement mechanisms impact continued user engagement, particularly in contexts where balancing efficient solutions and innovative recommendations from diverse users creates tension. Drawing on the molar theories of structural holes and reinforcement, this study proposes a moderated mediation research model set at the middle range (i.e., with deep connection to the empirical context) that explains the underlying mechanisms in the relationship between Q&A community network brokerage and continued knowledge production. Based on a panel dataset from Game Development Stack Exchange, we find that: (1) network brokerage indeed fosters knowledge receipt, which in turn reinforces users to continue knowledge seeking and contribution; (2) knowledge receipt partially mediates the effects of network brokerage on continued knowledge seeking and contribution; and (3) user tenure negatively moderates the indirect effects of network brokerage on continued knowledge seeking and contribution through knowledge receipt. This research offers theoretical and practical implications for designing and managing online communities dedicated to peer knowledge production.",https://aisel.aisnet.org/jais/vol26/iss2/7,Journal of the Association for Information Systems
178,2025,Umpires of Social Media: A Systems Science Analysis of Facebooks Sociotechnical Content Moderation,"Content moderation on social media platforms, such as Facebook, plays a critical role in curating user-generated content by mitigating harmful, misleading, or inappropriate materials. Despite significant investments in both human and algorithmic moderation systems, platforms continue to struggle with effectively managing the vast and complex flow of content, often facing criticism from various user groups for perceived inconsistencies and failures. This paper provides a systems theory analysis of Facebook’s content moderation system, with a particular focus on its sociotechnical nature, where human and non-human actors interact to moderate content. Using the COVID-19 pandemic as a revelatory case study, this research explores the disruptions to Facebook’s moderation processes caused by external shocks and identifies key conflicts within the system. Through the lens of systems science, the study reveals several points of tension, including conflicting goals between stakeholders, breakdowns in communication, and the challenges posed by both human and algorithmic moderators. By understanding these conflicts, this paper offers insights into why content moderation continues to be a significant challenge for social media platforms and proposes recommendations for improving moderation efforts. This study contributes to the broader discourse on content moderation by demonstrating the value of applying systems theory to analyze and address the complexities of these sociotechnical systems.",https://aisel.aisnet.org/jais/vol26/iss2/8,Journal of the Association for Information Systems
179,2025,Judging a Book by Its Cover: Understanding the Phenomenon of Fake News Propagation from an Evolutionary Psychology Perspective,"With fake news now a serious concern facing researchers, practitioners, and policymakers alike, research is increasingly exploring the factors that lead to its proliferation. However, there is limited research on the role of temporal orientation. i.e., emphasis on time. This paper examines whether a future temporal orientation (FTO), defined as a relative emphasis on the future observed in fake news titles and content, is associated with fake news sharing. We bring arguments grounded in evolutionary psychology to understand the underlying rationale driving this phenomenon. Our analysis of a Twitter dataset comprising 465519 tweets suggests that FTO characterizes fake news and is positively associated with fake news sharing. Notably, fake news titles and the accompanying text differ in their FTO. Specifically, we show an inverted U-shaped relationship between fake news sharing and the difference in FTO between the title and accompanying text. As a practical implication of this analysis, efforts to limit the spread of fake news should pay more attention to how such news emphasizes the future.",https://aisel.aisnet.org/jais/vol26/iss2/9,Journal of the Association for Information Systems
180,2025,Policy for Sociotechnical Gen AI Assessment:  Leveraging End Users,"Most organizations assessing Generative AI (Gen AI) rely on assessment materials produced by AI providers. These tend to be technical. To create a recommended sociotechnical assessment, the technical needs to be coupled with the social. This policy editorial suggests taking advantage of the knowledge of end users who are likely to use Gen AI in their work and provides an illustrative framework for doing so.",https://aisel.aisnet.org/jais/vol26/iss2/10,Journal of the Association for Information Systems
181,2025,Experience Curves in Reward-Based Crowdfunding:  An Empirical Study of Serial Creators,"Previous studies have reported a linear relationship between creator experience and crowdfunding success. However, creator experience does not guarantee a high likelihood of crowdfunding success. Drawing from experience curve theory and entrepreneurial learning research, this study investigates experience curves in reward-based crowdfunding by focusing on the characteristics of creators’ prior campaign experience. We argue that the positive experience-performance relationship applies only to veteran serial creators, while novice serial creators cannot effectively apply their experiential knowledge to new projects. We further posit that two cross-project characteristics (interproject diversity and interproject interval) moderate the shape of the experience curve. Using a dataset of 6,469 projects initiated by 2,452 serial creators from Indiegogo, we found that creator experience has a U-shaped relationship with crowdfunding success and that this curve is flattened by interproject diversity and interproject interval. Our work provides both theoretical and practical implications for crowdfunding.",https://aisel.aisnet.org/jais/vol26/iss1/1,Journal of the Association for Information Systems
182,2025,From Detractors to Enhancers: Harnessing the Power of Ad Customization for User Engagement on Media Websites,"Media websites (e.g., news, video platforms) rely on user engagement to ensure profitability, growth, and relevance. To this end, they often offer customization options to encourage users to spend more time on pages, visit more pages, and return to the website. Previous studies have focused on web customization for desirable editorial content (e.g., topics of news articles). Our research examines ad quantity customization (AQC), or how users interact with websites that offer choice-based versus direct-exposure advertising models. We reveal a counterintuitive dynamic: While ads are typically viewed as detrimental to user engagement, they can be strategically leveraged to enhance it. In a randomized field experiment covering 17,289 visits to a European music news website, only two thirds (66.6%) of visitors used AQC to eliminate ad exposure, while the remaining one third (33.4%) opted for a reduced or regular ad quantity. The provision of AQC was associated with 20.5% more time spent on the website, 9.5% more unique pages visited, and a 37.8% higher return rate. Furthermore, the impact of AQC on visit duration was particularly strong for users who visited the website using mobile (vs. stationary) devices. Supplementary analyses further revealed that participants accessing an AQC-enabled website spent 13.7% more time on the site and visited 6.4% more unique pages compared to participants accessing an ad-free website. This study counterintuitively reveals that elements that typically detract from user engagement can be strategically utilized to enhance it and outlines specific circumstances where users may prefer the presence over the absence of ads.",https://aisel.aisnet.org/jais/vol26/iss1/2,Journal of the Association for Information Systems
183,2025,Mobile App Startups and New Entry Threats:  The Role of Performance Signals,"Mobile platforms offer significant entrepreneurial opportunities for the creation of mobile app startups. Investors who are backing these startups have a vested interest in seeing their mobile apps succeed. However, the market for mobile apps is very competitive, partly due to the threat of new entrants. This study examines how mobile app startups can proactively mitigate new entry threats to ensure their survival. We propose a research model that examines the effect of performance signals on new entry threats. We distinguish between substantive (nonrhetorical) signals provided by investors and consumers and rhetorical signals provided by the mobile app startups themselves on social media platforms. We suggest that while mobile app startups have less control over substantive signals such as maturity stage and level of consumer attention, they should send rhetorical signals over social media in the “right” way to reduce new entry threats. We posit that these signals include utilitarian and hedonic cues, and their effectiveness depends on substantive signals. Our model was tested using a rich longitudinal data set of over 10,000 startup mobile apps. The findings mostly support our hypotheses. We discuss the research contributions and practical implications of how mobile app startups can effectively use social media to diminish new entry threats.",https://aisel.aisnet.org/jais/vol26/iss1/3,Journal of the Association for Information Systems
184,2025,Shadows and Screens: Exploring the Impact of Astroturfing as a Facet of Fake Reviews in the Movie Industrys Social Media Dynamics,"Our research critically investigates the impact of social media astroturfing on movie sales, the circumstances under which it appears to have an effect, and the negative implications associated with this practice. Leveraging a distinct dataset from the Chinese movie industry, we utilized panel vector autoregression to dissect the dynamics between social media astroturfing, box office revenues, and the performance of media across digital and traditional platforms. We further applied a dynamic matching approach to address the identification issue. Our findings suggest that while social media astroturfing might temporarily boost box office revenues, its effectiveness is limited to the short term, and it harbors negative consequences for consumers. By systematically examining the effects of social media astroturfing, our study enriches both academic literature and practical understanding, cautioning against the reliance on such deceptive marketing tactics.",https://aisel.aisnet.org/jais/vol26/iss1/4,Journal of the Association for Information Systems
185,2025,Do Good and Do No Harm Too: Employee-Related Corporate Social (Ir)responsibility and Information Security Performance,"This study draws upon the principal-agent theory to investigate the relationship between employee-related social performance and information security. This exploration encompasses both positive and negative dimensions of such performance: employee-related socially responsible activities (employee-related CSR) and employee-related socially irresponsible activities (employee-related CSiR). We employed a multistudy approach. First, we analyzed an eight-year sample of publicly listed firms, revealing a negative association between firms’ engagement in employee-related CSR and information security risks, while their involvement in employee-related CSiR is positively linked to such risks. Our exploratory analysis uncovered additional intriguing findings, demonstrating that the uniqueness of employee-related social performance can amplify its impact on security. In a subsequent study, we conducted a scenario-based experiment to provide empirical evidence for our proposed principal-agent-based theory.",https://aisel.aisnet.org/jais/vol26/iss1/5,Journal of the Association for Information Systems
186,2025,Uncovering the Structural Assurance Mechanisms  in Blockchain Technology-Enabled Online Healthcare Mutual Aid Platforms,"How can assurance mechanisms be effectively enacted to promote users’ behavioral outcomes on online healthcare mutual aid platforms? To answer this research question, this study draws upon institutional trust theory and develops a research model to examine the influence mechanisms of two specific structural assurances (i.e., policy assurance and technology assurance) on users’ intentions and actual usage behaviors in a blockchain-enabled online healthcare mutual aid platform. We conducted a field survey in two time periods and employed structural equation modeling to test the research model. We found that both policy assurance that reflects institutional (i.e., legal, contractual, and regulatory) structures and blockchain-enabled technology assurance that describes reliable technical features (i.e., high data anonymity, immutability, transparency, and disintermediation) play salient roles in facilitating users’ trust in the platform, which in turn affects their behavioral intentions and actual usage behaviors in the online healthcare mutual aid platform. The research findings provide a comprehensive understanding of how platform assurances influence users’ behavioral outcomes in the evolving context of blockchain-enabled applications.",https://aisel.aisnet.org/jais/vol26/iss1/6,Journal of the Association for Information Systems
187,2025,Making Sense of Discursive Formations and Program Shifts in Large-Scale Digital Infrastructures,"The current literature on discourse theory in IS offers powerful lenses for describing and explaining how organizations manage their encounters with new digital technologies. These contributions have mostly conveyed an actor-centric view of discourse as dominated by communication. Less attention has been paid to the systemic role of discourse, the understanding of program shifts, and the emergence of new programs in large-scale digital infrastructures. To investigate this issue, we ask: How does discourse influence the emergence of new programs in large-scale digital infrastructures? And how can policymakers and managers make sense of the public and professional discourse around large e-health infrastructures? Our in-depth case study investigated 18 years of the development of a regional e-health infrastructure in Norway. Drawing on Foucault (2002), we identified three important program shifts, each reflecting the interaction between digitalization trends promoted through macrodiscourses, and infrastructure conditions through microdiscourses. We found that program shifts happen when macro- and microdiscourses converge, leading to the emergence of discursive formations. We identified three processes through which this happens: connection, matching, and merging. In describing our second contribution, we discuss how policymakers and managers can use this framework to make sensible decisions.",https://aisel.aisnet.org/jais/vol26/iss1/7,Journal of the Association for Information Systems
188,2025,Digital Infrastructure Development Through Digital Infrastructuring Work: An Institutional Work Perspective,"Being able to understand and characterize the digital infrastructure development (DID) process has become even more pressing today due to the rapid advent and implementation of new digital infrastructure (DI) in organizations as well as since the COVID-19 crisis. While information systems (IS) research has begun to recognize the institutional nature of such digital infrastructures, there remains a gap in our understanding of how such developments unfold from an institutional perspective. Through our field study of a digital infrastructure development project involving the implementation of an enterprise-wide electronic medical record system at a large US medical facility, we show how the tensions in the DID process were linked to the institutional work these organizational actors performed when they attempted to disrupt and protect the hospital’s institutional arrangement. We introduce the “digital infrastructuring work” concept to describe the combinations of digital object work, DI relational, and DI symbolic work enacted during DID. Specifically, digital object work reveals how material institutional work is directed at multiple DI elements. Our findings also highlight how organizational actors combine DI relational work and DI symbolic work with digital object work to shape the overall DI. As such, our study shows how organizational actors go beyond symbolic and discursive forms of institutional work, and digital object work in particular, to achieve DID outcomes. Future research could explore digital infrastructuring work in different organizational and technological settings.",https://aisel.aisnet.org/jais/vol26/iss1/8,Journal of the Association for Information Systems
189,2025,"Ecological Validity in NeuroIS Research: Theory, Evidence, and a Roadmap for Future Studies","NeuroIS research involves the application of neuroscience knowledge and tools to investigate information systems (IS) phenomena and research questions. Ecological validity (EV) refers to the ability to generalize results from a laboratory study—usually controlled experiments—to real-world settings. Because NeuroIS research is typically conducted in laboratory settings and relies on relatively intrusive measurement tools (when compared to more traditional data collection instruments), the issue of EV in NeuroIS is critical. Its importance is underscored by the IS discipline’s commitment to both rigor and relevance. In this paper, we discuss the nature and dimensions of EV and why it is important, outline the major threats to EV, and discuss its current status in NeuroIS research. Our status presentation is based on an analysis of all 42 empirical NeuroIS papers published in the Association for Information Systems “basket-of-eight” journals in the period 2007-2023 (i.e., the entire period of existence of the NeuroIS field). To provide guidance for future research, we also outline a roadmap for NeuroIS researchers, showing how to increase EV through research design decisions and study execution. Establishing EV is a task to make NeuroIS studies more relevant to real-world problems. Thus, the present paper is a direct response to recent articles calling for more NeuroIS studies with direct relevance to business and society without sacrificing scientific rigor.",https://aisel.aisnet.org/jais/vol26/iss1/9,Journal of the Association for Information Systems
190,2025,Legal Compliance and the Open Texture of Law,"The law is often vague and ambiguous, especially when applied to novel and unusual cases. Legal scholars have referred to this as “the open texture of law.” Legal compliance is seldom straightforward, requiring interpretation before conceiving and designing mechanisms for compliance. Organizations find themselves having to plan for and ultimately tackle compliance under uncertainty. This policy editorial discusses closure in legal compliance in the context of the open texture of law, using the example of the EU Artificial Intelligence Act. This example is of particular concern for information systems (IS) research and practice. This policy editorial aims to offer some guidance in this complex area.",https://aisel.aisnet.org/jais/vol26/iss1/10,Journal of the Association for Information Systems
191,2024,How Does Big Data Analytics Shape Human Heuristics Adaptation in Strategic Decision-Making?  A Perspective of Environmental Uncertainty Contingencies,"As big data analytics (BDA) has increasingly influenced strategic decision-making, researchers and practitioners are continuously debating the roles of humans versus machines in making decisions. Our multiple-case analysis examines how BDA shapes decision makers’ adaptation of heuristics in response to different dimensions of environmental uncertainty (i.e., complexity versus dynamism). Contrary to prior literature that suggests that BDA supplants human heuristics or impedes humans from adapting their heuristics, our findings underscore that BDA shapes the adaptation of heuristics through three distinct modes: alternative-reorienting, cue-patching, and relation-conditioning. Specifically, BDA shapes heuristics adaptation through the hybrid mode of cue-patching and relation-conditioning when environmental complexity is high and through the alternative-reorienting mode when environmental dynamism is high. However, when environmental complexity and dynamism are both high, the uncertainty in the environment may render BDA less effective, and substantial business acumen is required to adapt heuristics further. In addition, our findings reveal a pinning mechanism of BDA—that is, by keeping one component of human heuristics unchanged, a fixed point of comparison is created for evaluating the changes to other components of the heuristics. This study contributes to the literature by theorizing how BDA shapes heuristics adaptation and adds value to strategic decision-making in uncertain environments.",https://aisel.aisnet.org/jais/vol25/iss6/1,Journal of the Association for Information Systems
192,2024,Dialogue of Forces:  The Dialogical Constitution of  Organizational Transformation in the Digital Age,"Issues of power are inseparable from any organizational transformation associated with digital technologies. Still, the perception of power is typically one of overcoming resistance, involving restricted views such as unilateral domination and coercion. This precludes developing more nuanced accounts of entanglements between power and organizational transformation in the digital age. In this paper, we propose an alternative perspective on power, drawing on a novel, postmodern reading of Foucault that focuses not on traditional Foucauldian notions of disciplinary power, domination, or emancipation but on dialogue. We demonstrate the significance of this perspective through a “theory elaboration” study relying on a case of clinical transformation in a hospital setting driven by digital technology. Our findings illustrate how reactions to transformation initiatives can often be productive and even inventive exercises of power in their own right. Accordingly, through advancing a dialogical model of power, we argue that accounting for organizational transformation in the digital age demands a careful attention to four aspects: (1) power effects that emanate from incumbent discourses, (2) reversible relationships between power and resistance, (3) interdiscursive dynamics (instead of discrete, isolated discourses), and (4) the materiality and agency of information technology as a force in the power dynamics inherent to organizational transformation.",https://aisel.aisnet.org/jais/vol25/iss6/2,Journal of the Association for Information Systems
193,2024,Knowing What to Acquire in the Digital Technology Industry: Balancing Exploitation and Exploration for Superior Performance,"Digital technology firms operate in increasingly dynamic and hypercompetitive environments where firms must innovate by exploiting knowledge in existing domains and exploring new ones. Previous research has suggested that firms must balance their exploratory and exploitative knowledge. Firms use their internal organizational structures to incubate exploratory and exploitative knowledge, extend the life of existing products and services, spawn innovations, and generate revenue. However, the structure-knowledge-firm performance link remains largely untested among digital technology firms. Furthermore, firms that do not possess ex ante incubation structures to balance knowledge output can find it challenging to migrate to such structures. Here, prior research prescribes acquisitions as a route to achieve balance. In this paper, we propose knowledge-balancing acquisitions (KBAs) as the differentiating serial acquisition strategy that determines whether mergers and acquisitions (M&As) affect the knowledge output and performance of the acquiring firms in a positive fashion. Our primary research question is: Does KBA improve firm performance and moderate the structure-knowledge link for acquiring firms that pursue it? Using a dataset of M&As conducted by serially acquiring and patenting digital technology firms over sixteen years and structure and knowledge output data constructed from patent data, our empirical analysis finds support for a structure-knowledge-performance link, as well as evidence for balanced knowledge output and superior performance for acquirers that pursued KBA. Our study’s main contribution is that digital technology firms that pursue KBA during their serial acquisitions create balanced knowledge output and enjoy superior firm performance compared to firms that do not pursue KBA.",https://aisel.aisnet.org/jais/vol25/iss6/3,Journal of the Association for Information Systems
194,2024,A DNA Helix Analogy for Interdependent Mixed Methods Research: Enabling Cross-Fertilizations and  Interim Meta-Inferences,"Mixed methods enable a more integrated and insightful understanding of the phenomena we study, but are complex to plan, execute, and document. This applies to concurrent and fully integrated mixed methods research designs in particular, which remain underrepresented in information systems research. In this paper, we extend the prevailing templates for this type of research and propose a new conceptualization. We argue that different research strands (e.g., qualitative, quantitative, computationally intensive, or other) that unfold at the same time need not be independent. Rather, as they run concurrently, they can interact and inform each other through ongoing cross-fertilization. This offers the opportunity for enhanced validation and deeper research insights. We conceptualize how the interaction between the research strands may unfold and we propose a DNA helix analogy to enable and enhance the conceptualization of such interdependent mixed methods research. We further explain the mechanism through which the different research strands interact in an ongoing cross-fertilization, and how interim meta-inferences may be continuously and incrementally drawn, (re)shaping how each research strand evolves. The research process within this conceptualization is depicted in a flow diagram that can serve as a possible roadmap for this type of research. We also show how this process can be documented, contributing to more transparent accounts of how mixed methods research actually evolves. We refer to our research on cloud adoption as an example and further validate our proposed research design with interviews with junior and experienced researchers engaged in mixed methods research. We conclude with a set of principles to guide interdependent mixed methods research and present their practical implications.",https://aisel.aisnet.org/jais/vol25/iss6/4,Journal of the Association for Information Systems
195,2024,Social Network Integration and Online Review Helpfulness: An Empirical Investigation,"While the proliferation of online reviews greatly facilitates consumers’ online purchasing decisions, it also introduces the challenge of information overload. Many review websites have adopted voting systems to help consumers identify helpful reviews. This study contributes to the existing research by examining the impact of social network integration (SNI), an emerging social media feature on online review platforms, on the perceived helpfulness of these reviews. Drawing on data collected on a leading Chinese online review platform, our research reveals a positive impact of SNI on online review helpfulness. Additionally, we demonstrate that the impact of SNI on online review helpfulness can be moderated by different reviewer-related factors. Specifically, the effect of SNI is strengthened by higher reviewer expertise and the establishment of more follower ties and weakened by the amount of peer recognition received by the reviewer. To address the endogeneity issues arising from the reviewers’ self-selection process of SNI, we employed several identification strategies and confirmed the robustness of our results. Furthermore, our analyses of the underlying mechanisms reveal that SNI primarily enhances review helpfulness by motivating reviewers to invest greater effort in generating review content.",https://aisel.aisnet.org/jais/vol25/iss6/5,Journal of the Association for Information Systems
196,2024,Actual Private Information Disclosure on Online Social Networking Sites: A Reflective-Impulsive Model,"People disclose their private information on social networking sites (SNS) despite their concerns about privacy invasion—a phenomenon referred to as the privacy paradox. Extant studies explaining this paradox have primarily used privacy calculus theory, which assumes that individuals rely on reflective factors to make decisions. This theory can easily predict the intention of private information disclosure (PID) but lacks the power to explain actual PID. This study follows the reflective-impulsive model, which encompasses reflective and impulsive systems to explain actual PID. We collected data from multiple sources to test our hypotheses. We surveyed users of a leading SNS in China, retrieved the messages and photos disclosed by the survey respondents, and invited their SNS “friends” to evaluate this retrieved content to measure the respondents’ PID. Results support the research model as follows: First, in the impulsive system, immediate rewards lead to impulsiveness (compared to long-term social rewards that inhibit impulsiveness), which, in turn, influences PID. Second, in the reflective system, task-focused coping responses mediate the effects of privacy concerns and privacy self-efficacy on PID. Third, the effect of task-focused coping responses under the reflective system contrasts with impulsiveness—since the latter is not contingent on users’ privacy invasion experience. This study contributes to the information privacy literature by applying reflective-impulsive model to explain the actual PID of SNS users and by delineating the different contingent roles of users’ privacy invasion experience for both systems’ effects.",https://aisel.aisnet.org/jais/vol25/iss6/6,Journal of the Association for Information Systems
197,2024,Contextual Integrity and Personal Health Information Sharing in Online Social Networks,"Many online social network (OSN) users exchange health-related information on OSNs to manage their health, obtain support, and offer assistance to others facing similar medical challenges. Nonetheless, OSN users are concerned about the privacy of their health information. Extant studies on online information privacy have largely resorted to a calculus perspective, focusing on the costs and benefits of information exchange with commercial vendors. Such a perspective, however, fails to capture the nuanced flows of personal health information (PHI) on OSNs, which involves more than two parties. To address this gap and further advance the research on information privacy, this paper embraces the theory of contextual integrity to explore the distinctive contextual idiosyncrasies of PHI flow on OSNs. In particular, we examine how context-specific values and norms affect OSN users’ personal privacy norms and their PHI disclosure intentions. Our theory-driven empirical results suggest that contextual values and normative expectations related to technology control, legislation, and peer users collectively influence OSN users’ personal privacy norms. In addition, perceived personal value and perceived altruistic value serve as motivators to promote PHI disclosure intentions, working in tandem with personal privacy norms. The key findings of the study also have important implications for policymakers and OSN providers in the context of OSN-mediated healthcare through (1) advancing our understanding of the complex dynamics of PHI flow on OSNs and (2) designing effective information privacy measures (i.e., policies, technical features, and programs) to uphold contextual integrity and nurture the development of patient-centered healthcare paradigms.",https://aisel.aisnet.org/jais/vol25/iss6/7,Journal of the Association for Information Systems
198,2024,Doxing on Social Networking Sites: An Extension of the Social Cognitive Theory of Moral Thought and Action,"Doxing on social networking sites (SNS doxing) has attracted scholarly and public attention due to the devastating consequences that this behavior can have on individuals and society. SNS doxing occurs when netizens disclose wrongdoers’ personal information on SNSs to punish them and hold them accountable for their unethical and improper acts. To offer a compelling theoretical explanation for this behavior beyond descriptive analyses of SNS doxing, we extend the social cognitive theory of moral thought and action by using retributive proportionality and social approval to articulate doxers’ moral judgments and decision-making. We conducted two independent studies using scenario-based and field surveys to validate the research model. The results of polynomial regression analysis suggest that users’ moral approval of SNS doxing is the result of the combined analyses between perceived blameworthiness of the doxee, perceived severity of SNS doxing, and perceived social approval of SNS doxing. We also found that users’ moral approval of SNS doxing determines their engagement in SNS doxing. Through this study, we offer rich theoretical and practical insights into the prevention of SNS doxing.",https://aisel.aisnet.org/jais/vol25/iss6/8,Journal of the Association for Information Systems
199,2024,Advice Utilization in Combined Human-Algorithm Decision-Making: An Analysis of  Preferences and Behaviors,"As artificial intelligence (AI) becomes more pervasive, humans will interact with autonomous agents more frequently and in deeper ways. While there is a significant body of work addressing the interface between a single human and a single AI agent, less is known about how individuals react to AI when they are part of human-agent hybrids, namely multiple humans and potentially multiple AI. These hybrid forms are unique in that advice is often given simultaneously, i.e., a human decision maker evaluates advice from other humans and algorithms at the same time. This scenario presents a boundary condition on the extant literature, as it is unclear how a human decision maker will differentially appraise a human advisor compared to an algorithmic advisor when their advice is simultaneous. This study presents the results of three experiments asking individuals to estimate property rental prices with the support of both human and algorithmic advice. We tested whether explicitly labeling an advisor as an algorithm rather than a human impacts how individuals perceive both the algorithm and another human advisor. We also examined the role of conflicting advice during simultaneous evaluation. Based on the results of 904 participants, we found that labeling an advisor as an algorithm resulted in a significantly significant algorithmic appreciation bias, even when an equivalent human was present. Further, we found that uncertainty induced by conflicting information weakened the appreciation effect, while agreement among advisors resulted in the strongest behavioral responses.",https://aisel.aisnet.org/jais/vol25/iss6/9,Journal of the Association for Information Systems
200,2024,Research Perspectives: Using a Process Philosophy Perspective in Information Systems Research: Principles of Creative Evolution,"What if reality fundamentally consists in events and processes rather than things? All actions are situated within processes, influenced by a broader set of preceding and concomitant flows of digital information and other actions. This paper offers a process philosophy perspective that sees things as merely constellations of processes. Decisions within these processes, moreover, must usually be made within time constraints. Rather than a view of time, such as in process theories, as being tied to notions of entities, variance, or—at best—the flow of things, process philosophy sees time as duration: tied to consciousness, sensemaking, and free will. While principles for conducting positivist, interpretive, and critical research have been widely discussed in the IS literature, criteria and principles for a process philosophy perspective are lacking. In the context of Bergson and Whitehead’s creative evolution process philosophy, this paper proposes a set of five principles for the conduct of process philosophy research in information systems: (1) heterogeneous multiplicity, (2) immanence in a process, (3) experience over abstraction, (4) consciousness in duration, and (5) a relational ontology. We describe these in detail and discuss some potential applications, methodological issues, and related difficulties in the principles’ implementation for IS research. We highlight their value for requirements engineering in large-scale projects.",https://aisel.aisnet.org/jais/vol25/iss5/1,Journal of the Association for Information Systems
201,2024,Designing Information Systems for Infectious Disease Management in VUCA Situations: Insights from a Design Archaeology Analysis of COVIDSafe,"Experience from contact tracing information systems (IS) relating to COVID-19 shows that designing IS to manage infectious diseases in volatile, urgent, complex, and ambiguous (VUCA) situations requires navigation of the interplay between several factors: technical features, the challenges of optimizing timeliness, sensitivity, public value, the urgent need for mass adoption, and unprecedented privacy, trust, and ethical dilemmas. In this paper, using a design archaeology approach, we analyzed the historical, stakeholder, artifactual, aesthetic, instrumental, and symbolic dimensions of COVIDSafe—a contact tracing IS implemented by the Australian Government. Based on the findings, we embarked on design theorizing, moving from the specific instance of the COVID-19 pandemic and COVIDSafe to the broader problem of VUCA health situations and solutions (i.e., infectious disease management information systems [IDMIS]). We contribute a new design theory for IDMIS specifying the aims and scope of the future design efforts for which the design theory can be useful, the roles of different stakeholders, and a set of design principles that clearly define actors, contexts, mechanisms, and rationale. We also discuss the usability of our inductively developed theory. Normatively, we add to the descriptive and explanatory knowledge that promotes a greater understanding of the role of IS in controlling and managing infectious diseases. In terms of method, the study highlights the application of a design archaeology approach for IS design theory research.",https://aisel.aisnet.org/jais/vol25/iss5/2,Journal of the Association for Information Systems
202,2024,Time to Talk About It: Neurodiversity of Information Systems Users in Leisure Settings,"There is a growing trend to accept, understand and cater to people with heterogenous mental health levels, as captured by the term “neurodiversity.” Population studies demonstrate growth in neurodiversity facets such as depression, anxiety, and attention deficit hyperactivity disorder (ADHD). Thus, samples of information systems (IS) users are likely neurodiverse. While studies started examining neurodiversity effects mostly in professional contexts, possible effects of IS users’ neurodiversity in leisure settings have been largely overlooked. Here, we suggest that we need to consider such possible effects more systematically. This is important because neurodiversity facets can manifest in changes in cognitive-emotional processing, social reactions, and decision-making which can alter user responses to IS. Thus, ignoring the neurodiversity of users can affect the accuracy and generalizability of user behavior models; it can disadvantage large segments of users. To support these ideas, we first developed a theoretical model that explains how neurodiversity can affect the decision-making of IS users. Next, we conducted three studies (n1 = 400, n2 = 381, and n3 = 280) that first replicated common IS models in leisure settings and then theoretically and empirically integrated neurodiversity facets into these models. Results show that (1) typical IS user samples are neurodiverse, and (2) integrating neurodiversity facets into user behavior models can be informative, lead to greater inclusivity, and afford more nuanced theoretical and practical insights. Thus, we call for a more systematic inclusion of neurodiversity facets in behavioral IS research.",https://aisel.aisnet.org/jais/vol25/iss5/3,Journal of the Association for Information Systems
203,2024,The Role of Dissonant Relational Multiplexity in Information System Implementation Failures:  Insights from a Grounded Theory Approach,"In this study, we investigate information system (IS) failures by leveraging a novel construct—dissonant relational multiplexity (RM)—to develop a unique perspective of these failures. Dissonant RM exists when two organizational stakeholders have multiple types of relationships that are in conflict. To investigate the salience of dissonant RM in IS failures, we use a case study combined with the analysis procedures of the grounded theory methodology (GTM) to examine a major failure in enterprise resource planning (ERP) implementation. Our analysis and theorization highlight that RM became increasingly dissonant in the relationships between key organizational stakeholders because of a shift in technological frames that represent cognitive perceptions about technology. Further, a key insight from our findings is that the move to dissonant RM occurred through a process that we term relational unbalancing. In addition, we also found evidence of an opposing relational balancing process that was used by stakeholders to address dissonant RM. Such stakeholder efforts were often undermined by inherent constraints in the implemented technology. The relational balancing efforts were not productive, and the dissonant RM continued to exist, ultimately contributing to the failure of the ERP implementation. Our study shows that IS failures are characterized by elements of both determinism and indeterminism, are undoubtedly sociotechnical in nature, and are shaped by technological constraints and stakeholder perceptions of those constraints. From a practical standpoint, our study highlights the importance of managing multiplex stakeholder relationships in an IS implementation process, especially when the multiplexity is shaped by the technology.",https://aisel.aisnet.org/jais/vol25/iss5/4,Journal of the Association for Information Systems
204,2024,Agile Project Management Styles and Control Ambidexterity in Agile Information Systems Development Projects: An Exploratory Case Study,"Agile information systems development (ISD) projects face the dilemma of control versus autonomy. Although autonomy benefits agile ISD, many projects in practice nevertheless feature project managers who exert control for more formal structure and guidance. To address this autonomy-control dilemma, prior research on traditional ISD highlights the need for control ambidexterity, which is the simultaneous execution of contrasting control activities. However, little is known about achieving control ambidexterity in agile ISD projects, and, in particular, how agile project managers dynamically adapt controls to changing contextual requirements. Our in-depth case study in the IT department of a multinational container shipping company that runs several Scrum ISD projects identifies four agile project management styles (Landscaper, Buddy, Detective, and Commander) and associated balanced practices for control ambidexterity. We also show how agile project managers blend or shift their styles in response to conflicts, revealing different levels of adherence to agile development principles. We contribute to the ISD control literature by reflecting on different forms of contextual and temporal control ambidexterity and theorizing how the interplay between control conflicts and underlying factors leads to varied ambidexterity forms. Furthermore, our insights suggest signaling theory should complement agency and stewardship theories to better understand agile ISD control.",https://aisel.aisnet.org/jais/vol25/iss5/5,Journal of the Association for Information Systems
205,2024,A Typology and Model of Privacy- and Security-Concerned Users Attitudes toward Digital Footprints and the Consequent Influence on Their Social Media Adaptation,"How users with privacy and security concerns engage with social media in light of their perceptions of the risk associated with their digital footprint is a critical question for research and practice. Using a mixed methods approach, we examined the privacy- and security-related concerns of social media users and their subsequent adaptation behaviors in two studies. The first study, a qualitative inquiry, helped us develop a typology of four groups of social media users with respect to their privacy- and security-related attitudes characterized as careless, carefree, conscious, and cautious. We developed a conceptual model comprised of eight hypotheses based on a qualitative study that captured the relationship between privacy- and security-related attitudes and social media adaptation. The second study, a quantitative study, tested the model and revealed that users with careless and carefree attitudes are likely to explore social media to maximize benefits and exploit certain applications, while cautious users are likely to avoid using social media as much as possible. However, the findings are inconclusive for conscious users’ adaptation. This could be due to their systematic and informed decision-making, which is likely to have contextual variability. We contribute by offering a clear and coherent typology and a model of privacy- and security-concerned users’ attitudes and social media adaptation.",https://aisel.aisnet.org/jais/vol25/iss5/6,Journal of the Association for Information Systems
206,2024,Inverse Transparency and the Quest for Empowerment through the Design of Digital Workplace Technologies,"Digital workplace technologies lead to increasing levels of transparency. This, however, can invoke tensions: On the one hand, transparency facilitates employee empowerment, and on the other hand, transparency drives employee surveillance and privacy concerns. Furthermore, transparency has traditionally been one-sided, with control vested in managers, leading to a panoptical scenario. The contemporary workforce demands empowerment and bidirectional, inverse transparency, which challenges the assumptions of agency theory. These tensions are pertinent challenges that are even more salient today. Following a design science research process, we examine how a technical solution could be designed to mitigate these tensions and overcome the panopticon. Drawing on the knowledge base of stewardship theory and the concept of inverse transparency, we derive design requirements, design principles, and design features for an artifact that instantiates inverse transparency and drives the movement to stewardship behavior. We develop three theoretical conjectures on the artifact’s implications on kernel theory and conclude by advancing a design theory on inverse transparency that guides the design of digital workplace technologies. Lastly, our study illuminates the emerging understanding of transparency-related challenges in the contemporary workforce and further contributes to the discourse with theoretical and design knowledge.",https://aisel.aisnet.org/jais/vol25/iss5/7,Journal of the Association for Information Systems
207,2024,Unraveling Grievance Formation in Online Movement Research:  Insights from the Amnesty International Sex Worker Policy Protest,"Many moments of political expression on social media networks fail to become online movements. However, studies on these failures and their causes are conspicuously absent in the literature. We had the opportunity to trace such a failure when a contentious policy advocating for the decriminalization of sex work failed to materialize into a cohesive online movement. However, uncovering the reasons behind this failure proved challenging: Why didn’t mobilization happen despite favorable political opportunity structures? Eventually, we turned to existing research on what motivates movement participation and the role of grievances. Shared understandings of grievances are essential for social movements to emerge and be sustained over time. However, the focus on grievance formation has taken the back seat in research on contemporary movements and collective action. Through our interpretation of the sex worker policy protest and by examining existing research on online movements, we advance propositions of the challenges involved in online grievance formation. The propositions contribute to the pursuit of a theory to explain failure in online movements.",https://aisel.aisnet.org/jais/vol25/iss5/8,Journal of the Association for Information Systems
208,2024,Toward an Understanding of Gig Work Risks and Worker Agency on Different Digital Labor Platforms,"The rise of the digitally enabled gig economy has prompted debate about gig working conditions and labor regulation, calling for research on the interactions between gig workers and digital labor platforms (DLPs). This study examines the working conditions on place-based and remote-work platforms by focusing on worker perspective and addressing two questions: What risks do workers perceive when engaging in different types of gig work? How is labor agency exercised on different digital labor platforms? To answer these research questions, we chose a comparative qualitative case-study research design and drew on labor agency theory to use the classification of resistance, resilience, and reworking as a starting point for categorizing labor agency actions on different DLPs. Narratives of workers through semi-structured surveys were collected from 102 California-based gig workers registered on three types of DLPs: delivery, ridesharing, and microtask crowdworking. Our thematic analysis shows that workers on the three types of DLPs shared four types of risk—employment, financial, mental health, and technological—but the frequencies of these risks differed across the platforms. Two risks—entrepreneurial and physical health risks—were primarily perceived by workers engaging in delivery and ridesharing. The study reveals that workers’ enactment of the three types of labor agency (resistance, reworking, and resilience) varied by risk types and DLPs and provides a nuanced understanding of the gig work risks and worker agency across DLPs, extending labor agency theory from traditional workplaces to gig work environments.",https://aisel.aisnet.org/jais/vol25/iss5/9,Journal of the Association for Information Systems
209,2024,Consumers Opinion Orientations and Their Credit Risk: An Econometric Analysis Enhanced by  Multimodal Analytics,"The rise of financial technology (fintech) has motivated practitioners and researchers to explore alternative data sources and enhanced credit scoring methods for better assessment of consumers’ credit risk. In this study, we examine whether deep-level diversity derived from consumers’ multimodal social media posts (i.e., alternative data) can enhance credit risk assessment or not. First, we propose novel lifestyle-based risk constructs (e.g., opinion risk) to capture consumers’ deep-level diversity. Second, we incorporate these lifestyle-based risk constructs into econometric models to empirically evaluate the relationship between consumers’ deep-level diversity and their credit risk. Using a credit scoring dataset provided by a fintech firm listed on Nasdaq, our econometric analysis reveals that consumers’ opinion risk constructs extracted from their multimodal social media posts are positively associated with their credit risk. Furthermore, our results show that the proposed opinion risk constructs can significantly improve the effectiveness of predicting consumers’ credit risk. Interestingly, our empirical results also show that combining the opinion risk constructs derived from images and text can significantly improve the effectiveness in credit risk prediction. This work contributes to the fintech domain by proposing novel lifestyle-based risk constructs for decision support in the credit scoring context.",https://aisel.aisnet.org/jais/vol25/iss4/1,Journal of the Association for Information Systems
210,2024,An Empirical Investigation of  The Unintended Consequences of Vulnerability Assessments Leading to Betrayal,"When cybersecurity units conduct vulnerability assessments to evaluate the security of organizations, they can have unintended consequences for employees. Although cybersecurity personnel may view tactics such as fake phishing attacks and email scanning as protective measures, employees may view them as threats because being singled out as a security risk can harm their standing in the organization. To understand the implications of vulnerability assessments, we examine how organizations’ use of different tactics to identify user vulnerabilities can lead employees to feel betrayed by the cybersecurity unit, resulting in negative cybersecurity outcomes. Drawing on the theory of betrayal aversion, we develop a model that shows that when employees perceive these tactics as harmful, they can lead to an affective state of cybersecurity betrayal, resulting in a damaged relationship with the cybersecurity unit. In collaboration with an organization’s cybersecurity unit, we evaluated our model using an experimental vignette survey, post hoc interviews, and a cross-sectional survey with two samples (i.e., employees in the organization and employees from a panel). We found that when organizations conduct vulnerability assessments to enhance cybersecurity, they often induce an affective state of betrayal and increase employees’ active resistance to cybersecurity (i.e., abandonment, avoidance, and sabotage of cybersecurity policies, technologies, and units). The paper concludes with implications for research and practice that explain the unintended consequences of vulnerability assessment and betrayal.",https://aisel.aisnet.org/jais/vol25/iss4/2,Journal of the Association for Information Systems
211,2024,Roles of Feedback and Phishing Characteristics in Antiphishing Training Performance:  Perspectives of Goal Setting and Skill Acquisition,"Because phishing attacks often exploit individuals’ inexperience in detecting them, it is important for managers to provide workers with proper feedback on their reactions to phishing scams. However, little is known about what types of feedback are more effective in facilitating antiphishing training behavior and performance. The objectives of this study are to identify (1) the determinants of decision avoidance and detection accuracy, (2) the contextual effect of type of feedback in antiphishing training, (3) the impacts of perceived detection efficacy on training outcomes, and (4) the interaction effects between feedback characteristics and perceived detection efficacy/phishing characteristics on training outcomes. Drawing upon goal-setting theory, skill acquisition theory, and antiphishing training literature, our model provides a theoretical account of how feedback characteristics (e.g., type, quantity), phishing characteristics (e.g., phishing cue saliency), and perceived detection efficacy affect antiphishing training outcomes (e.g., decision avoidance and detection accuracy). To empirically test the model, we performed four experiments with 652 subjects in the United States from three different online panels via Amazon Mechanical Turk, Esearch.com, and Clickworker.com. Our results indicate that example-based feedback is superior to abstract feedback in teaching how to correctly discern between phishing and legitimate emails in the context of link-embedded emails. We also show that perceived detection efficacy is essential for a better understanding of antiphishing training behavior and performance. Finally, we show an interaction effect between feedback quantity and phishing cue saliency on antiphishing training behavior and performance.",https://aisel.aisnet.org/jais/vol25/iss4/3,Journal of the Association for Information Systems
212,2024,Understanding the Role of Lead Organizational Donor Types in Civic Crowdfunding,"Civic crowdfunding is a subgenre of crowdfunding wherein the crowd finances civic projects of value to communities. A unique aspect of civic crowdfunding is that projects regularly attract a mix of individuals and organizations, spanning the private, public, and nonprofit sectors. This diversity of stakeholders raises novel questions and challenges for platform operators and fundraisers. Here, we focus on such challenges as they relate to third-party endorsements. A lengthy literature has examined the signaling value of endorsements and prominent lead contributions, typically treating their sources as homogeneous. However, the varied backgrounds, motivations, and objectives of stakeholders in civic crowdfunding suggest that endorsers’ signaling value is likely to vary. We theorize how onlookers’ (potential backers’ or donors’) perception of lead organizational donors’ motivations and fit with the project’s objectives will influence the latter’s signaling value, hypothesizing differences across lead donor types (i.e., businesses, governments, nongovernmental organizations [NGOs]). Leveraging data on 303 projects from a leading civic crowdfunding platform, Spacehive, we show that lead donations are significantly more beneficial when supplied by NGOs rather than businesses or government entities. Further, based on perceptual measures reported by human coders about the more than 500 organizational lead donations in our sample, we confirm our theorized mechanisms, finding that lead donor involvement is more likely to be perceived as credible, and to lead to support for a project, when the lead’s involvement is believed to be a result of value motives (rather than strategic motives), and when the lead is a natural fit with the project (i.e., congruence). We discuss the implications of our work for both theory and practice.",https://aisel.aisnet.org/jais/vol25/iss4/4,Journal of the Association for Information Systems
213,2024,Effective Intervention in User Adaptation:  A 22 Coping Framework Entailing Implementation and Contextual Factors,"Despite the proliferation of information technology applications worldwide, successful technology implementation in organizations remains a formidable challenge. Whether organizations can actualize the benefits of new technology depends critically on how end users evaluate and cope with it. Various intervention practices have been proven to be effective in facilitating user adaptation in the existing literature. However, research that systematically examines the impacts of intervention practices across implementation stages and usage contexts is still rare. Leveraging coping theory, we propose a 2×2 framework under the conditions of pre-/post-implementation stages and mandatory/voluntary usage contexts to investigate how various intervention practices adjust user appraisals of new technology via different coping mechanisms. We then extend the investigation into the downstream job outcomes and make comparisons of relevant relationships across usage contexts. Our empirical findings from two unique organizational settings, featured opposite degrees of usage voluntariness, support consistently significant effects of intervention practices, beliefs updating, and effects of usage behavior on job outcomes in both contexts while suggesting nuanced differences between the two contexts. Our research sheds light on how to manage technology implementations and help users cope with the change effectively in different contexts via various intervention practices in the technology implementation process.",https://aisel.aisnet.org/jais/vol25/iss4/5,Journal of the Association for Information Systems
214,2024,Human-Centered Design and Evaluation of a NeuroIS Tool for Flow Support,"Flow is a mental state in which a person is fully immersed and actively involved in a task, even during extrinsically motivated activities at work. IT-mediated interruptions can disrupt flow, with ramifications for workers’ well-being and work performance. In this design science research paper, we develop and evaluate design knowledge for neuroadaptive flow support systems. Building on foundations in flow theory, we conduct expert interviews and present a conceptual framework, three meta-requirements, and five design principles for flow support systems. We then implement the design principles in three prototypes and evaluate these prototypes in a lab experiment and a field study. With this paper on flow and IT-mediated interruptions in the work domain, we present an approach toward flow support systems that enable intelligent interruption management.",https://aisel.aisnet.org/jais/vol25/iss4/6,Journal of the Association for Information Systems
215,2024,The Influence of Political Skill and Community Capabilities on Microtask Worker Hourly Wage:  A Mixed Methods Study of Mechanical Turk,"Microlabor markets engage workers in temporary employment contracts to complete short-duration tasks for micropayments. Because microlabor platforms often preclude worker interaction, independent microtasking communities have emerged to allow workers to exchange ideas and interact to improve their work performance. Research has yet to take an in-depth look at how workers utilize microtasking communities to mitigate unpaid coordination costs to improve their financial productivity. The present study uses political skill as a theorizing lens to investigate how microtask workers utilize the capabilities of these communities that influence their ability to avoid financial marginalization. Using pseudo-ethnography and thematic analysis, we employed a sequential mixed methods design to identify how community capabilities and ideological beliefs influence worker performance. These insights then informed the design of an empirical study using survey data from 253 Amazon Mechanical Turk workers who use microtasking communities to test our research model. We found that politically skilled individuals use community capabilities, subsequently influencing their hourly wage. We also found that microtasking ideology weakens the effects of political skill on community capabilities and their influence on hourly wages. We discuss several contributions to the political skill and microtask literature.",https://aisel.aisnet.org/jais/vol25/iss4/7,Journal of the Association for Information Systems
216,2024,Power as Present-in-Actions in Mundane  Information Systems Work,"The information systems (IS) field has not consistently dealt with the importance of power in theory, research, or practice, because of epistemological and theoretical challenges for studying power in IS. In responding to these issues, we develop an accessible “power-sensitive” framework, using the episodic/systemic view of power and an activity theory (AT) view of organizational practices. We draw on two cases of IS work. Case 1 focuses on information technology (IT) organizations in Bulgaria, and Case 2 focuses on a global development sector nongovernmental organization (NGO) in Thailand. While much of the IS literature emphasizes cutting-edge innovations, this paper highlights mundane yet widespread IS applications such as email and spreadsheets. We elaborate on lessons learned from the cases and develop a power-sensitive framework to support IS researchers and practitioners seeking to acknowledge power in different IS contexts. The paper has two main aims and contributions: to illustrate how power can be articulated using the episodic/systemic view and AT by providing a more dynamic perspective that goes beyond traditional views of power as possessive, hierarchical, and static, and to deploy the cases strategically as part of a broader call for more consideration of power in IS research, illustrating the important insights such a focus can provide. We argue against simply ignoring power or considering it as a “nuisance” in IS research. Instead, we argue that power is endemic to IS work and an integral aspect of everyday IS practices. We characterize this view of power as “present-in-actions” in IS.",https://aisel.aisnet.org/jais/vol25/iss4/8,Journal of the Association for Information Systems
217,2024,Feedback Loops in Machine Learning:  A Study on the Interplay of Continuous Updating and Human Discrimination,"Machine learning (ML) models often endogenously shape the data available for future updates. This is important because of their role in influencing human decisions, which then generate new data points for training. For instance, if an ML prediction results in the rejection of a loan application, the bank forgoes the opportunity to record the applicant’s actual creditworthiness, thereby impacting the availability of this data point for future model updates and potentially affecting the model’s performance. This paper delves into the relationship between the continuous updating of ML models and algorithmic discrimination in environments where predictions endogenously influence the creation of new training data. Using comprehensive simulations based on secondary empirical data, we examine the dynamic evolution of an ML model’s fairness and economic consequences in a setting that mirrors sequential interactions, such as loan approval decisions. Our findings indicate that continuous updating can help mitigate algorithmic discrimination and enhance economic efficiency over time. Importantly, we provide evidence that human decision makers in the loop who possess the authority to override ML predictions may impede the self-correction of discriminatory models and even induce initially unbiased models to become discriminatory with time. These findings underscore the complex sociotechnological nature of algorithmic discrimination and highlight the role that humans play in addressing it when ML models undergo continuous updating. Our results have important practical implications, especially considering the impending regulations mandating human involvement in ML-supported decision-making processes.",https://aisel.aisnet.org/jais/vol25/iss4/9,Journal of the Association for Information Systems
218,2024,Creating Collaboration: How Social Movement Organizations Shape Digital Activism to Promote Broader Social Change,"Social movement organizations (SMOs) have increasingly embraced digital activism, using social media and networking tools to advocate for a cause, to mobilize globally distributed consumers and pressure businesses to change their practices. Past research primarily focuses on how SMOs have used viral social media posts to prompt businesses to take immediate action on an issue. This article proposes a shift in the discourse to explore how SMOs’ digital activism can promote broader social change through collaborative agreements rather than merely demanding narrow concessions or compliance. We examine the online campaigns of a large international SMO and show how the campaigns influenced three global businesses to alter their environmental practices and industry standards. We find that the SMO used contrasting combinations of content positioning and social networking strategies to mobilize consumers, ultimately achieving collaboration agreements by influencing businesses’ risk perceptions and the potential strategic gains from collaboration with the SMO. The comparative analysis yields insights into how SMOs may vary their digital activism strategies depending on consumers’ loyalty to a business and its offerings, including its products and services. We develop a theoretical perspective that explains why and how consumer loyalty can shape SMOs’ selection of digital activism strategies and the process of achieving collaboration agreements. The findings also advance the literature on digital activism strategies by introducing the notion of ambivalent content positioning and emphasizing the significance of social networking for risk management and sustaining SMOs’ digital activism.",https://aisel.aisnet.org/jais/vol25/iss3/1,Journal of the Association for Information Systems
219,2024,Mechanisms for Achieving Ambidexterity  in the Context of Digital Transformation:  Insights from Digital Innovation Labs,"Digital transformation alters companies’ core value-defining activities. Companies must establish new work practices and change the work environment to create new value propositions leveraging digital technologies. Specifically, to maximize their investments in digital transformation while remaining competitive, they must achieve ambidexterity, which is the capability to balance exploration and exploitation flexibly. More and more companies strive to achieve ambidexterity by establishing digital innovation labs (DILs), where employees explore the opportunities afforded through digital technologies and ensure their successful integration into the main organization. This study analyzes data collected from nine DILs, examining how companies utilize them to achieve organizational ambidexterity. Our analysis reveals a nuanced view on the conceptualization of ambidexterity and how it helps in digital transformation: (1) DILs contribute mainly by transferring employees temporarily from the main organization to the DIL and back. Recombining mechanisms of different theoretical forms of ambidexterity addresses typical issues and tensions stemming from leveraging digital technologies in innovation activities. (2) We find that implementing ambidexterity through organizational design features of DILs provides a successful basis for digital transformation by creating innovations that complement companies’ value propositions with digital technologies.",https://aisel.aisnet.org/jais/vol25/iss3/2,Journal of the Association for Information Systems
220,2024,The Role of Online and Geographically Distant Social Networks in Political Decision-Making: Empirical Evidence from the 2016 United States Presidential Election,"Social ties play a prominent role in individuals’ political decision-making. They influence partisan defections, political participation, voting decisions, and political information acquisition. Much of the literature focuses on personal social networks or geographically close networks. Yet one’s social network might also include acquaintances or other connections in more distant places that are maintained via online networks. In this study, we exploit Facebook’s Social Connectedness Index, which reflects social connections across the United States, and we investigate the role of social connectedness in political decision-making among individuals who are located across distant geographical regions. Our results suggest that social connectedness between counties has a homogenizing effect on voting for the same presidential candidate, either Democratic or Republican. On the other hand, social connectedness is likely to have a differentiating effect on voting for an independent or a third-party candidate. Moreover, this effect is moderated by the socioeconomic characteristics of the counties, such as education, race, population density, household income, industry, and gender composition.",https://aisel.aisnet.org/jais/vol25/iss3/3,Journal of the Association for Information Systems
221,2024,Dont Take It Personally:  An Empirical Investigation of Consumer Responses to Explicit Targeting,"Firms increasingly use consumer information to target and personalize communication with consumers. This paper focuses on explicit targeting, a practice where firms saliently (yet subtly) reveal the information used to target consumers in their advertisement text. How to craft ad messages to convey product benefits without triggering privacy concerns is a nontrivial task. Results from a field experiment reveal that consumers respond negatively to explicit targeting, yet such a negative effect can be partially alleviated by using hedonic instead of utilitarian information framing. In a controlled online experiment, we show that explicit targeting increases consumers’ privacy concerns relative to the perceived benefits of personalization, leading to less positive consumer responses. Interestingly, an extension of the online experiment suggests that providing consumers with a clear description of why they are targeted seems to offset the negative effects of explicit targeting. This study offers important academic implications for the personalization literature and valuable practical insights for firms and policymakers.",https://aisel.aisnet.org/jais/vol25/iss3/4,Journal of the Association for Information Systems
222,2024,The Impact of Feature Exploitation and Exploration on Mobile Application Evolution and Success,"Mobile device applications are the largest segment of IS with an estimated 5 billion users. Yet despite their widespread and growing use, there is little research examining how these mobile applications evolve with each new release update. To ensure market success, developers need to satisfy their user base by incorporating users’ reviews and feedback on the one hand and exploring new features and content that allow them to stay competitive on the other. Drawing on the organizational learning and innovation literature, the findings of the present study suggest that a mix of these two activities of exploitation and exploration in consequent app updates is likely to result in the app’s success. We further contribute to this body of work by examining the influence of users’ online review characteristics on exploitation and exploration activities in app development. The findings suggest that users’ convergence on similar issues (review concurrence) is likely to favor an orientation prioritizing exploitation over exploration activities, while the number of user reviews (review volume) has a curvilinear relationship with it.",https://aisel.aisnet.org/jais/vol25/iss3/5,Journal of the Association for Information Systems
223,2024,The Effects of Featuring Product Sampling Reviews on E-Tailer Websites,"Given the significant influence of online product reviews on consumer purchases, firms are trying to be more proactive in leveraging the influence of reviews. One way of doing this is to offer free product samples to consumers to incentivize product reviews, displaying them along with a disclosure in the existing pool of organic reviews in the hopes of stimulating sales. However, it is not clear whether such product sampling reviews are indeed beneficial to sales, considering that they may have a nontrivial influence on the generation of organic reviews. Based on data from a leading e-commerce platform in China, we found that sponsored product sampling reviews promoted product sales but also reduced the volume of organic reviews for the targeted product. However, the net effect on sales remained positive, suggesting that e-tailers may wish to utilize sponsored product sampling reviews. We also conducted a scenario-based experiment to reveal how the nature of product sampling reviews affects consumers’ brand quality and fairness perceptions. Based on our findings we offer future research directions to improve the understanding of how to better harness the power of sponsored reviews.",https://aisel.aisnet.org/jais/vol25/iss3/6,Journal of the Association for Information Systems
224,2024,The Contingent Effects of IS Certifications on the Trustworthiness of Websites,"Information systems (IS) research has largely treated IS certifications (i.e., graphical cues that prove the endorsement of independent third parties) as universally effective at improving website visitors’ perceptions of trustworthiness. However, inconclusive findings on the effectiveness of IS certifications on websites have emerged, critically challenging their usefulness. We seek to reconcile these inconclusive findings by drawing on swift trust theory and the notion of humans as cognitive misers. Specifically, we investigate whether the effects of IS certifications are contingent on visitors’ expectations and the website’s baseline trustworthiness (i.e., the original website before adding and visitors’ processing of IS certifications). Through a multistudy investigation combining an online (N = 191) and a follow-up field experiment with up to €4 million in sales volume (N = 306), we reveal the contingent effects of IS certifications on the trustworthiness of websites: Below (but not above) a certain level of a website’s baseline trustworthiness (i.e., the trust tipping point), IS certifications significantly increase trustworthiness. We also show that IS certifications do not increase the likelihood of user registrations (i.e., trust-related behavior) when a website’s baseline trustworthiness surpasses this trustworthiness threshold. Overall, we provide an important new perspective that explains and resolves previous inconsistent findings on the (in)effectiveness of IS certifications for trustworthiness and subsequent trust-related behaviors. We equip practitioners with valuable and actionable guidance on the usefulness of IS certifications to strengthen their digital businesses.",https://aisel.aisnet.org/jais/vol25/iss3/7,Journal of the Association for Information Systems
225,2024,Digital Institutionalization: The Case of E-Prescribing,"Digital institutionalization processes are fundamentally changing society. They occur when rules and norms are encoded into a digital infrastructure and change practices. For institutionalization to occur, numerous actors must alter their behavior similarly, which accompanies a shift in infrastructural technology. Digital infrastructures and their design play a crucial role in institutionalization processes, as they enable and restrict social interaction in the exchange of digital institutional entities across contexts. Such entities are constitutive of digital institutional systems—medical prescriptions, money, insurance, and taxes are all institutional entities that have been digitalized. Although several studies have described the challenges of digital infrastructure design, there has been little consideration of the institutional context that legitimizes the design. To fill this research gap, we applied the critical perspective of designers, who intentionally perform and are responsible for the design and legitimacy of digital institutional systems. To address the challenge of institutional design, we developed an exchange contract within an institutional context featuring a change in digital infrastructure and practices. Through this, we illuminate several design principles for digital institutionalization. This contribution captures critical design decisions and the knowledge acquired through insights gained from the design of a highly impactful scalable digital infrastructure, which ultimately transformed an institutional system. We also provide theoretical reflections informed by speech act theory and institutional theory and thereby emphasize the need to rethink institutionalization processes in an era of digitalization.",https://aisel.aisnet.org/jais/vol25/iss3/8,Journal of the Association for Information Systems
226,2024,My Name is Alexa. Whats Your Name? The Impact of Reciprocal Self-Disclosure on Post-Interaction Trust in Conversational Agents,"The use of conversational AI agents (CAs), such as Alexa and Siri, has steadily increased over the past several years. However, the functionality of these agents relies on the personal data obtained from their users. While evidence suggests that user disclosure can be increased through reciprocal self-disclosure (i.e., a process in which a CA discloses information about itself with the expectation that the user would reciprocate by disclosing similar information about themself), it is not clear whether and through which mechanism the process of reciprocal self-disclosure influences users’ post-interaction trust. We theorize that anthropomorphism (i.e., the extent to which a user attributes humanlike attributes to a nonhuman entity) serves as an inductive inference mechanism for understanding reciprocal self-disclosure, enabling users to build conceptually distinct cognitive and affective foundations upon which to form their post-interaction trust. We found strong support for our theory through two randomized experiments that used custom-developed text-based and voice-based CAs. Specifically, we found that reciprocal self-disclosure increases anthropomorphism and anthropomorphism increases cognition-based trustworthiness and affect-based trustworthiness. Our results show that reciprocal self-disclosure has an indirect effect on cognition-based trustworthiness and affect-based trustworthiness and is fully mediated by anthropomorphism. These findings conceptually bridge prior research on motivations of anthropomorphism and research on cognitive and affective bases of trust.",https://aisel.aisnet.org/jais/vol25/iss3/9,Journal of the Association for Information Systems
227,2024,Organizational Identity Management Policies,"Effective identity management is essential for secure organizational processes, but organizations often do not approach it strategically. To break this trajectory, organizational policymakers need to define a clear and sustainable identity management strategy. This paper presents an overview and guidelines to help shape such strategy. It analyzes the key characteristics and trade-offs of today’s identity management models. Moreover, it offers practical recommendations for organizational policymakers when choosing among these models.",https://aisel.aisnet.org/jais/vol25/iss3/10,Journal of the Association for Information Systems
